№;Главная категория;Полный путь категории;Название;Товаров;Имя файла баннера;Страница категории
1;Одяг та форма;Одяг та форма / Аксесуари одягу;Аксесуари одягу;163;001-aksesuary-odiahu.png;https://rubizh.shop/catalog/odiah-ta-forma/aksesuary-odiahu
2;Одяг та форма;Одяг та форма / Аксесуари одягу / Баффи;Баффи;3;002-baffy.png;https://rubizh.shop/catalog/odiah-ta-forma/aksesuary-odiahu/baffy
3;Одяг та форма;Одяг та форма / Аксесуари одягу / Балаклави та бафи;Балаклави та бафи;2;003-balaklavy-ta-bafy.png;https://rubizh.shop/catalog/odiah-ta-forma/aksesuary-odiahu/balaklavy-ta-bafy
4;Одяг та форма;Одяг та форма / Аксесуари одягу / Головні убори;Головні убори;10;004-holovni-ubory.png;https://rubizh.shop/catalog/odiah-ta-forma/aksesuary-odiahu/holovni-ubory
5;Одяг та форма;Одяг та форма / Аксесуари одягу / Кепки, панами, бейсболки;Кепки, панами, бейсболки;46;005-kepky-panamy-beisbolky.png;https://rubizh.shop/catalog/odiah-ta-forma/aksesuary-odiahu/kepky-panamy-beisbolky
6;Одяг та форма;Одяг та форма / Аксесуари одягу / Ремені та портупеї;Ремені та портупеї;4;006-remeni-ta-portupei.png;https://rubizh.shop/catalog/odiah-ta-forma/aksesuary-odiahu/remeni-ta-portupei
7;Одяг та форма;Одяг та форма / Аксесуари одягу / Шапки та балаклави;Шапки та балаклави;32;007-shapky-ta-balaklavy.png;https://rubizh.shop/catalog/odiah-ta-forma/aksesuary-odiahu/shapky-ta-balaklavy
8;Одяг та форма;Одяг та форма / Аксесуари одягу / Тактичні ремені;Тактичні ремені;5;008-taktychni-remeni.png;https://rubizh.shop/catalog/odiah-ta-forma/aksesuary-odiahu/taktychni-remeni
9;Одяг та форма;Одяг та форма / Чоловічий одяг;Чоловічий одяг;274;009-cholovichyi-odiah.png;https://rubizh.shop/catalog/odiah-ta-forma/cholovichyi-odiah
10;Одяг та форма;Одяг та форма / Чоловічий одяг / Фліс, кофти та худі;Фліс, кофти та худі;20;010-flis-kofty-ta-khudi.png;https://rubizh.shop/catalog/odiah-ta-forma/cholovichyi-odiah/flis-kofty-ta-khudi
11;Одяг та форма;Одяг та форма / Чоловічий одяг / Фліси та кофти;Фліси та кофти;1;011-flisy-ta-kofty.png;https://rubizh.shop/catalog/odiah-ta-forma/cholovichyi-odiah/flisy-ta-kofty
12;Одяг та форма;Одяг та форма / Чоловічий одяг / Футболки та поло;Футболки та поло;42;012-futbolky-ta-polo.png;https://rubizh.shop/catalog/odiah-ta-forma/cholovichyi-odiah/futbolky-ta-polo
13;Одяг та форма;Одяг та форма / Чоловічий одяг / Інший формений одяг;Інший формений одяг;1;013-inshyi-formenyi-odiah.png;https://rubizh.shop/catalog/odiah-ta-forma/cholovichyi-odiah/inshyi-formenyi-odiah
14;Одяг та форма;Одяг та форма / Чоловічий одяг / Костюми Soft Shell;Костюми Soft Shell;5;014-kostiumy-soft-shell.png;https://rubizh.shop/catalog/odiah-ta-forma/cholovichyi-odiah/kostiumy-soft-shell
15;Одяг та форма;Одяг та форма / Чоловічий одяг / Куртки та вітровки;Куртки та вітровки;36;015-kurtky-ta-vitrovky.png;https://rubizh.shop/catalog/odiah-ta-forma/cholovichyi-odiah/kurtky-ta-vitrovky
16;Одяг та форма;Одяг та форма / Чоловічий одяг / Штани Soft Shell;Штани Soft Shell;2;016-shtany-soft-shell.png;https://rubizh.shop/catalog/odiah-ta-forma/cholovichyi-odiah/shtany-soft-shell
17;Одяг та форма;Одяг та форма / Чоловічий одяг / Спортивні костюми та комплекти;Спортивні костюми та комплекти;5;017-sportyvni-kostiumy-ta-komplekty.png;https://rubizh.shop/catalog/odiah-ta-forma/cholovichyi-odiah/sportyvni-kostiumy-ta-komplekty
18;Одяг та форма;Одяг та форма / Чоловічий одяг / Светри та гольфи;Светри та гольфи;2;018-svetry-ta-holfy.png;https://rubizh.shop/catalog/odiah-ta-forma/cholovichyi-odiah/svetry-ta-holfy
19;Одяг та форма;Одяг та форма / Чоловічий одяг / Тактичні костюми;Тактичні костюми;2;019-taktychni-kostiumy.png;https://rubizh.shop/catalog/odiah-ta-forma/cholovichyi-odiah/taktychni-kostiumy
20;Одяг та форма;Одяг та форма / Чоловічий одяг / Тактичні шорти;Тактичні шорти;10;020-taktychni-shorty.png;https://rubizh.shop/catalog/odiah-ta-forma/cholovichyi-odiah/taktychni-shorty
21;Одяг та форма;Одяг та форма / Чоловічий одяг / Тактичні штани;Тактичні штани;49;021-taktychni-shtany.png;https://rubizh.shop/catalog/odiah-ta-forma/cholovichyi-odiah/taktychni-shtany
22;Одяг та форма;Одяг та форма / Чоловічий одяг / Тактичні сорочки;Тактичні сорочки;8;022-taktychni-sorochky.png;https://rubizh.shop/catalog/odiah-ta-forma/cholovichyi-odiah/taktychni-sorochky
23;Одяг та форма;Одяг та форма / Чоловічий одяг / Термобілизна;Термобілизна;12;023-termobilyzna.png;https://rubizh.shop/catalog/odiah-ta-forma/cholovichyi-odiah/termobilyzna
24;Одяг та форма;Одяг та форма / Чоловічий одяг / Термофутболки;Термофутболки;2;024-termofutbolky.png;https://rubizh.shop/catalog/odiah-ta-forma/cholovichyi-odiah/termofutbolky
25;Одяг та форма;Одяг та форма / Чоловічий одяг / Убакси;Убакси;2;025-ubaksy.png;https://rubizh.shop/catalog/odiah-ta-forma/cholovichyi-odiah/ubaksy
26;Одяг та форма;Одяг та форма / Чоловічий одяг / Убакси та бойові сорочки;Убакси та бойові сорочки;9;026-ubaksy-ta-boiovi-sorochky.png;https://rubizh.shop/catalog/odiah-ta-forma/cholovichyi-odiah/ubaksy-ta-boiovi-sorochky
27;Одяг та форма;Одяг та форма / Чоловічий одяг / Жилети;Жилети;3;027-zhylety.png;https://rubizh.shop/catalog/odiah-ta-forma/cholovichyi-odiah/zhylety
28;Одяг та форма;Одяг та форма / Чоловічий одяг / Зимові костюми та комплекти;Зимові костюми та комплекти;15;028-zymovi-kostiumy-ta-komplekty.png;https://rubizh.shop/catalog/odiah-ta-forma/cholovichyi-odiah/zymovi-kostiumy-ta-komplekty
29;Одяг та форма;Одяг та форма / Чоловічий одяг / Зимові та утеплені куртки;Зимові та утеплені куртки;25;029-zymovi-ta-utepleni-kurtky.png;https://rubizh.shop/catalog/odiah-ta-forma/cholovichyi-odiah/zymovi-ta-utepleni-kurtky
30;Одяг та форма;Одяг та форма / Чоловічий одяг / Зимові та утеплені штани;Зимові та утеплені штани;3;030-zymovi-ta-utepleni-shtany.png;https://rubizh.shop/catalog/odiah-ta-forma/cholovichyi-odiah/zymovi-ta-utepleni-shtany
31;Одяг та форма;Одяг та форма / Жіночий одяг;Жіночий одяг;2;031-zhinochyi-odiah.png;https://rubizh.shop/catalog/odiah-ta-forma/zhinochyi-odiah
32;Одяг та форма;Одяг та форма / Жіночий одяг / Тактичні штани;Тактичні штани;1;032-taktychni-shtany.png;https://rubizh.shop/catalog/odiah-ta-forma/zhinochyi-odiah/taktychni-shtany
33;Одяг та форма;Одяг та форма / Жіночий одяг / Убакси та бойові сорочки;Убакси та бойові сорочки;1;033-ubaksy-ta-boiovi-sorochky.png;https://rubizh.shop/catalog/odiah-ta-forma/zhinochyi-odiah/ubaksy-ta-boiovi-sorochky
34;Взуття;Взуття / Аксесуари взуття;Аксесуари взуття;4;034-aksesuary-vzuttia.png;https://rubizh.shop/catalog/vzuttia/aksesuary-vzuttia
35;Взуття;Взуття / Аксесуари взуття / Бахіли;Бахіли;4;035-bakhily.png;https://rubizh.shop/catalog/vzuttia/aksesuary-vzuttia/bakhily
36;Взуття;Взуття / Шкарпетки та аксесуари;Шкарпетки та аксесуари;38;036-shkarpetky-ta-aksesuary.png;https://rubizh.shop/catalog/vzuttia/shkarpetky-ta-aksesuary
37;Взуття;Взуття / Шкарпетки та аксесуари / Тактичні шкарпетки;Тактичні шкарпетки;28;037-taktychni-shkarpetky.png;https://rubizh.shop/catalog/vzuttia/shkarpetky-ta-aksesuary/taktychni-shkarpetky
38;Взуття;Взуття / Шкарпетки та аксесуари / Термошкарпетки;Термошкарпетки;9;038-termoshkarpetky.png;https://rubizh.shop/catalog/vzuttia/shkarpetky-ta-aksesuary/termoshkarpetky
39;Взуття;Взуття / Шкарпетки та аксесуари / Термостельки;Термостельки;1;039-termostelky.png;https://rubizh.shop/catalog/vzuttia/shkarpetky-ta-aksesuary/termostelky
40;Взуття;Взуття / Тактичне взуття;Тактичне взуття;86;040-taktychne-vzuttia.png;https://rubizh.shop/catalog/vzuttia/taktychne-vzuttia
41;Взуття;Взуття / Тактичне взуття / Берці;Берці;29;041-bertsi.png;https://rubizh.shop/catalog/vzuttia/taktychne-vzuttia/bertsi
42;Взуття;Взуття / Тактичне взуття / Берці демісезонні;Берці демісезонні;3;042-bertsi-demisezonni.png;https://rubizh.shop/catalog/vzuttia/taktychne-vzuttia/bertsi-demisezonni
43;Взуття;Взуття / Тактичне взуття / Берці зимові;Берці зимові;1;043-bertsi-zymovi.png;https://rubizh.shop/catalog/vzuttia/taktychne-vzuttia/bertsi-zymovi
44;Взуття;Взуття / Тактичне взуття / Черевики;Черевики;6;044-cherevyky.png;https://rubizh.shop/catalog/vzuttia/taktychne-vzuttia/cherevyky
45;Взуття;Взуття / Тактичне взуття / Черевики демісезонні;Черевики демісезонні;3;045-cherevyky-demisezonni.png;https://rubizh.shop/catalog/vzuttia/taktychne-vzuttia/cherevyky-demisezonni
46;Взуття;Взуття / Тактичне взуття / Кросівки;Кросівки;3;046-krosivky.png;https://rubizh.shop/catalog/vzuttia/taktychne-vzuttia/krosivky
47;Взуття;Взуття / Тактичне взуття / Кросівки демісезонні;Кросівки демісезонні;2;047-krosivky-demisezonni.png;https://rubizh.shop/catalog/vzuttia/taktychne-vzuttia/krosivky-demisezonni
48;Взуття;Взуття / Тактичне взуття / Кросівки літні;Кросівки літні;5;048-krosivky-litni.png;https://rubizh.shop/catalog/vzuttia/taktychne-vzuttia/krosivky-litni
49;Взуття;Взуття / Тактичне взуття / Літнє взуття;Літнє взуття;1;049-litnie-vzuttia.png;https://rubizh.shop/catalog/vzuttia/taktychne-vzuttia/litnie-vzuttia
50;Взуття;Взуття / Тактичне взуття / Тактичні кросівки;Тактичні кросівки;13;050-taktychni-krosivky.png;https://rubizh.shop/catalog/vzuttia/taktychne-vzuttia/taktychni-krosivky
51;Бронезахист;Бронезахист / Бронекомплекти;Бронекомплекти;59;051-bronekomplekty.png;https://rubizh.shop/catalog/bronezakhyst/bronekomplekty
52;Бронезахист;Бронезахист / Бронекомплекти / 1 клас захисту;1 клас захисту;32;052-1-klas-zakhystu.png;https://rubizh.shop/catalog/bronezakhyst/bronekomplekty/1-klas-zakhystu
53;Бронезахист;Бронезахист / Бронекомплекти / 2 клас захисту;2 клас захисту;27;053-2-klas-zakhystu.png;https://rubizh.shop/catalog/bronezakhyst/bronekomplekty/2-klas-zakhystu
54;Бронезахист;Бронезахист / Бронеплити;Бронеплити;30;054-broneplyty.png;https://rubizh.shop/catalog/bronezakhyst/broneplyty
55;Бронезахист;Бронезахист / Бронеплити / Бронеплити;Бронеплити;30;055-broneplyty.png;https://rubizh.shop/catalog/bronezakhyst/broneplyty/broneplyty
56;Бронезахист;Бронезахист / Бронежилети;Бронежилети;21;056-bronezhylety.png;https://rubizh.shop/catalog/bronezakhyst/bronezhylety
57;Бронезахист;Бронезахист / Бронежилети / Бронежилети;Бронежилети;21;057-bronezhylety.png;https://rubizh.shop/catalog/bronezakhyst/bronezhylety/bronezhylety
58;Бронезахист;Бронезахист / М'які балістичні пакети;М'які балістичні пакети;49;058-miaki-balistychni-pakety.png;https://rubizh.shop/catalog/bronezakhyst/miaki-balistychni-pakety
59;Бронезахист;Бронезахист / М'які балістичні пакети / 1 клас захисту;1 клас захисту;18;059-1-klas-zakhystu.png;https://rubizh.shop/catalog/bronezakhyst/miaki-balistychni-pakety/1-klas-zakhystu
60;Бронезахист;Бронезахист / М'які балістичні пакети / 2 клас захисту;2 клас захисту;16;060-2-klas-zakhystu.png;https://rubizh.shop/catalog/bronezakhyst/miaki-balistychni-pakety/2-klas-zakhystu
61;Бронезахист;Бронезахист / Плитоноски;Плитоноски;46;061-plytonosky.png;https://rubizh.shop/catalog/bronezakhyst/plytonosky
62;Бронезахист;Бронезахист / Плитоноски / Аксесуари для плитоносок;Аксесуари для плитоносок;2;062-aksesuary-dlia-plytonosok.png;https://rubizh.shop/catalog/bronezakhyst/plytonosky/aksesuary-dlia-plytonosok
63;Бронезахист;Бронезахист / Плитоноски / Комплекти плитоносок;Комплекти плитоносок;16;063-komplekty-plytonosok.png;https://rubizh.shop/catalog/bronezakhyst/plytonosky/komplekty-plytonosok
64;Бронезахист;Бронезахист / Плитоноски / Плитоноски;Плитоноски;28;064-plytonosky.png;https://rubizh.shop/catalog/bronezakhyst/plytonosky/plytonosky
65;Шоломи та захист голови;Шоломи та захист голови / Аксесуари;Аксесуари;30;065-aksesuary.png;https://rubizh.shop/catalog/sholomy-ta-zakhyst-holovy/aksesuary
66;Шоломи та захист голови;Шоломи та захист голови / Аксесуари / Інші аксесуари;Інші аксесуари;6;066-inshi-aksesuary.png;https://rubizh.shop/catalog/sholomy-ta-zakhyst-holovy/aksesuary/inshi-aksesuary
67;Шоломи та захист голови;Шоломи та захист голови / Аксесуари / Кавери на шоломи;Кавери на шоломи;9;067-kavery-na-sholomy.png;https://rubizh.shop/catalog/sholomy-ta-zakhyst-holovy/aksesuary/kavery-na-sholomy
68;Шоломи та захист голови;Шоломи та захист голови / Аксесуари / Кріплення для навушників;Кріплення для навушників;5;068-kriplennia-dlia-navushnykiv.png;https://rubizh.shop/catalog/sholomy-ta-zakhyst-holovy/aksesuary/kriplennia-dlia-navushnykiv
69;Шоломи та захист голови;Шоломи та захист голови / Аксесуари / Підвісні системи та подушки;Підвісні системи та подушки;8;069-pidvisni-systemy-ta-podushky.png;https://rubizh.shop/catalog/sholomy-ta-zakhyst-holovy/aksesuary/pidvisni-systemy-ta-podushky
70;Шоломи та захист голови;Шоломи та захист голови / Аксесуари / Рейки та планки;Рейки та планки;2;070-reiky-ta-planky.png;https://rubizh.shop/catalog/sholomy-ta-zakhyst-holovy/aksesuary/reiky-ta-planky
71;Шоломи та захист голови;Шоломи та захист голови / Шоломи;Шоломи;46;071-sholomy.png;https://rubizh.shop/catalog/sholomy-ta-zakhyst-holovy/sholomy
72;Шоломи та захист голови;Шоломи та захист голови / Шоломи / FAST;FAST;17;072-fast.png;https://rubizh.shop/catalog/sholomy-ta-zakhyst-holovy/sholomy/fast
73;Шоломи та захист голови;Шоломи та захист голови / Шоломи / Комплекти шоломів;Комплекти шоломів;4;073-komplekty-sholomiv.png;https://rubizh.shop/catalog/sholomy-ta-zakhyst-holovy/sholomy/komplekty-sholomiv
74;Шоломи та захист голови;Шоломи та захист голови / Шоломи / MICH;MICH;9;074-mich.png;https://rubizh.shop/catalog/sholomy-ta-zakhyst-holovy/sholomy/mich
75;Тактичний зв'язок та слух;Тактичний зв'язок та слух / Активні навушники;Активні навушники;19;075-aktyvni-navushnyky.png;https://rubizh.shop/catalog/taktychnyi-zviazok-ta-slukh/aktyvni-navushnyky
76;Тактичний зв'язок та слух;Тактичний зв'язок та слух / Активні навушники / EARMOR;EARMOR;3;076-earmor.png;https://rubizh.shop/catalog/taktychnyi-zviazok-ta-slukh/aktyvni-navushnyky/earmor
77;Тактичний зв'язок та слух;Тактичний зв'язок та слух / Активні навушники / Walker's;Walker's;2;077-walkers.png;https://rubizh.shop/catalog/taktychnyi-zviazok-ta-slukh/aktyvni-navushnyky/walkers
78;Тактичний зв'язок та слух;Тактичний зв'язок та слух / Радіозв'язок;Радіозв'язок;5;078-radiozviazok.png;https://rubizh.shop/catalog/taktychnyi-zviazok-ta-slukh/radiozviazok
79;Тактичний зв'язок та слух;Тактичний зв'язок та слух / Радіозв'язок / Аксесуари для рацій;Аксесуари для рацій;2;079-aksesuary-dlia-ratsii.png;https://rubizh.shop/catalog/taktychnyi-zviazok-ta-slukh/radiozviazok/aksesuary-dlia-ratsii
80;Тактичний зв'язок та слух;Тактичний зв'язок та слух / Радіозв'язок / Антени;Антени;1;080-anteny.png;https://rubizh.shop/catalog/taktychnyi-zviazok-ta-slukh/radiozviazok/anteny
81;Тактичний зв'язок та слух;Тактичний зв'язок та слух / Радіозв'язок / PTT-кнопки;PTT-кнопки;2;081-ptt-knopky.png;https://rubizh.shop/catalog/taktychnyi-zviazok-ta-slukh/radiozviazok/ptt-knopky
82;Рюкзаки, сумки та баули;Рюкзаки, сумки та баули / Рюкзаки;Рюкзаки;34;082-riukzaky.png;https://rubizh.shop/catalog/riukzaky-sumky-ta-bauly/riukzaky
83;Рюкзаки, сумки та баули;Рюкзаки, сумки та баули / Рюкзаки / Гідратори та рюкзаки-гідратори;Гідратори та рюкзаки-гідратори;4;083-hidratory-ta-riukzaky-hidratory.png;https://rubizh.shop/catalog/riukzaky-sumky-ta-bauly/riukzaky/hidratory-ta-riukzaky-hidratory
84;Рюкзаки, сумки та баули;Рюкзаки, сумки та баули / Рюкзаки / Штурмові рюкзаки;Штурмові рюкзаки;1;084-shturmovi-riukzaky.png;https://rubizh.shop/catalog/riukzaky-sumky-ta-bauly/riukzaky/shturmovi-riukzaky
85;Рюкзаки, сумки та баули;Рюкзаки, сумки та баули / Рюкзаки / Тактичні рюкзаки;Тактичні рюкзаки;20;085-taktychni-riukzaky.png;https://rubizh.shop/catalog/riukzaky-sumky-ta-bauly/riukzaky/taktychni-riukzaky
86;Рюкзаки, сумки та баули;Рюкзаки, сумки та баули / Сумки;Сумки;32;086-sumky.png;https://rubizh.shop/catalog/riukzaky-sumky-ta-bauly/sumky
87;Рюкзаки, сумки та баули;Рюкзаки, сумки та баули / Сумки / Баули та транспортні сумки;Баули та транспортні сумки;9;087-bauly-ta-transportni-sumky.png;https://rubizh.shop/catalog/riukzaky-sumky-ta-bauly/sumky/bauly-ta-transportni-sumky
88;Рюкзаки, сумки та баули;Рюкзаки, сумки та баули / Сумки / Через плече та бананки;Через плече та бананки;11;088-cherez-pleche-ta-bananky.png;https://rubizh.shop/catalog/riukzaky-sumky-ta-bauly/sumky/cherez-pleche-ta-bananky
89;Рюкзаки, сумки та баули;Рюкзаки, сумки та баули / Сумки / Органайзери;Органайзери;2;089-orhanaizery.png;https://rubizh.shop/catalog/riukzaky-sumky-ta-bauly/sumky/orhanaizery
90;Рюкзаки, сумки та баули;Рюкзаки, сумки та баули / Сумки / Поясні сумки та органайзери;Поясні сумки та органайзери;3;090-poiasni-sumky-ta-orhanaizery.png;https://rubizh.shop/catalog/riukzaky-sumky-ta-bauly/sumky/poiasni-sumky-ta-orhanaizery
91;Рюкзаки, сумки та баули;Рюкзаки, сумки та баули / Сумки / Сумки для шоломів;Сумки для шоломів;2;091-sumky-dlia-sholomiv.png;https://rubizh.shop/catalog/riukzaky-sumky-ta-bauly/sumky/sumky-dlia-sholomiv
92;Рюкзаки, сумки та баули;Рюкзаки, сумки та баули / Сумки / Тактичні сумки;Тактичні сумки;5;092-taktychni-sumky.png;https://rubizh.shop/catalog/riukzaky-sumky-ta-bauly/sumky/taktychni-sumky
93;Підсумки;Підсумки / Бойові підсумки;Бойові підсумки;33;093-boiovi-pidsumky.png;https://rubizh.shop/catalog/pidsumky/boiovi-pidsumky
94;Підсумки;Підсумки / Бойові підсумки / Для гранат;Для гранат;11;094-dlia-hranat.png;https://rubizh.shop/catalog/pidsumky/boiovi-pidsumky/dlia-hranat
95;Підсумки;Підсумки / Бойові підсумки / Для магазинів;Для магазинів;15;095-dlia-mahazyniv.png;https://rubizh.shop/catalog/pidsumky/boiovi-pidsumky/dlia-mahazyniv
96;Підсумки;Підсумки / Бойові підсумки / Скидання магазинів;Скидання магазинів;7;096-skydannia-mahazyniv.png;https://rubizh.shop/catalog/pidsumky/boiovi-pidsumky/skydannia-mahazyniv
97;Підсумки;Підсумки / Медичні підсумки;Медичні підсумки;15;097-medychni-pidsumky.png;https://rubizh.shop/catalog/pidsumky/medychni-pidsumky
98;Підсумки;Підсумки / Медичні підсумки / Аптечки IFAK;Аптечки IFAK;8;098-aptechky-ifak.png;https://rubizh.shop/catalog/pidsumky/medychni-pidsumky/aptechky-ifak
99;Підсумки;Підсумки / Медичні підсумки / Для турнікету;Для турнікету;7;099-dlia-turniketu.png;https://rubizh.shop/catalog/pidsumky/medychni-pidsumky/dlia-turniketu
100;Підсумки;Підсумки / Нагрудні та напашні;Нагрудні та напашні;9;100-nahrudni-ta-napashni.png;https://rubizh.shop/catalog/pidsumky/nahrudni-ta-napashni
101;Підсумки;Підсумки / Нагрудні та напашні / Напашні сумки;Напашні сумки;9;101-napashni-sumky.png;https://rubizh.shop/catalog/pidsumky/nahrudni-ta-napashni/napashni-sumky
102;Підсумки;Підсумки / Панелі та платформи;Панелі та платформи;2;102-paneli-ta-platformy.png;https://rubizh.shop/catalog/pidsumky/paneli-ta-platformy
103;Підсумки;Підсумки / Панелі та платформи / Панелі для плитоносок;Панелі для плитоносок;2;103-paneli-dlia-plytonosok.png;https://rubizh.shop/catalog/pidsumky/paneli-ta-platformy/paneli-dlia-plytonosok
104;Підсумки;Підсумки / Спеціальні підсумки;Спеціальні підсумки;11;104-spetsialni-pidsumky.png;https://rubizh.shop/catalog/pidsumky/spetsialni-pidsumky
105;Підсумки;Підсумки / Спеціальні підсумки / Для навушників;Для навушників;4;105-dlia-navushnykiv.png;https://rubizh.shop/catalog/pidsumky/spetsialni-pidsumky/dlia-navushnykiv
106;Підсумки;Підсумки / Спеціальні підсумки / Для планшетів;Для планшетів;3;106-dlia-planshetiv.png;https://rubizh.shop/catalog/pidsumky/spetsialni-pidsumky/dlia-planshetiv
107;Підсумки;Підсумки / Спеціальні підсумки / Для рацій;Для рацій;2;107-dlia-ratsii.png;https://rubizh.shop/catalog/pidsumky/spetsialni-pidsumky/dlia-ratsii
108;Підсумки;Підсумки / Спеціальні підсумки / Для телефону;Для телефону;2;108-dlia-telefonu.png;https://rubizh.shop/catalog/pidsumky/spetsialni-pidsumky/dlia-telefonu
109;Підсумки;Підсумки / Утилітарні;Утилітарні;8;109-utylitarni.png;https://rubizh.shop/catalog/pidsumky/utylitarni
110;Підсумки;Підсумки / Утилітарні / MOLLE-органайзери;MOLLE-органайзери;1;110-molle-orhanaizery.png;https://rubizh.shop/catalog/pidsumky/utylitarni/molle-orhanaizery
111;Підсумки;Підсумки / Утилітарні / Утилітарні підсумки;Утилітарні підсумки;7;111-utylitarni-pidsumky.png;https://rubizh.shop/catalog/pidsumky/utylitarni/utylitarni-pidsumky
112;РПС та розвантаження;РПС та розвантаження / Комплекти;Комплекти;1;112-komplekty.png;https://rubizh.shop/catalog/rps-ta-rozvantazhennia/komplekty
113;РПС та розвантаження;РПС та розвантаження / Комплекти / Комплекти РПС;Комплекти РПС;1;113-komplekty-rps.png;https://rubizh.shop/catalog/rps-ta-rozvantazhennia/komplekty/komplekty-rps
114;РПС та розвантаження;РПС та розвантаження / Компоненти;Компоненти;9;114-komponenty.png;https://rubizh.shop/catalog/rps-ta-rozvantazhennia/komponenty
115;РПС та розвантаження;РПС та розвантаження / Компоненти / Пояси;Пояси;4;115-poiasy.png;https://rubizh.shop/catalog/rps-ta-rozvantazhennia/komponenty/poiasy
116;РПС та розвантаження;РПС та розвантаження / Компоненти / Тактичні та розвантажувальні ремені;Тактичні та розвантажувальні ремені;5;116-taktychni-ta-rozvantazhuvalni-remeni.png;https://rubizh.shop/catalog/rps-ta-rozvantazhennia/komponenty/taktychni-ta-rozvantazhuvalni-remeni
117;РПС та розвантаження;РПС та розвантаження / Системи;Системи;20;117-systemy.png;https://rubizh.shop/catalog/rps-ta-rozvantazhennia/systemy
118;РПС та розвантаження;РПС та розвантаження / Системи / Ремінно-плечові системи;Ремінно-плечові системи;20;118-reminno-plechovi-systemy.png;https://rubizh.shop/catalog/rps-ta-rozvantazhennia/systemy/reminno-plechovi-systemy
119;Захист колін та ліктів;Захист колін та ліктів / Комплекти;Комплекти;3;119-komplekty.png;https://rubizh.shop/catalog/zakhyst-kolin-ta-liktiv/komplekty
120;Захист колін та ліктів;Захист колін та ліктів / Комплекти / Наколінники + налокітники;Наколінники + налокітники;3;120-nakolinnyky-nalokitnyky.png;https://rubizh.shop/catalog/zakhyst-kolin-ta-liktiv/komplekty/nakolinnyky-nalokitnyky
121;Захист колін та ліктів;Захист колін та ліктів / Наколінники;Наколінники;7;121-nakolinnyky.png;https://rubizh.shop/catalog/zakhyst-kolin-ta-liktiv/nakolinnyky
122;Захист колін та ліктів;Захист колін та ліктів / Наколінники / Наколінники;Наколінники;7;122-nakolinnyky.png;https://rubizh.shop/catalog/zakhyst-kolin-ta-liktiv/nakolinnyky/nakolinnyky
123;Захист колін та ліктів;Захист колін та ліктів / Налокітники;Налокітники;4;123-nalokitnyky.png;https://rubizh.shop/catalog/zakhyst-kolin-ta-liktiv/nalokitnyky
124;Захист колін та ліктів;Захист колін та ліктів / Налокітники / Налокітники;Налокітники;4;124-nalokitnyky.png;https://rubizh.shop/catalog/zakhyst-kolin-ta-liktiv/nalokitnyky/nalokitnyky
125;Тактична медицина;Тактична медицина / Кровоспинні засоби;Кровоспинні засоби;4;125-krovospynni-zasoby.png;https://rubizh.shop/catalog/taktychna-medytsyna/krovospynni-zasoby
126;Тактична медицина;Тактична медицина / Кровоспинні засоби / Турнікети, джгути та гемостатики;Турнікети, джгути та гемостатики;4;126-turnikety-dzhhuty-ta-hemostatyky.png;https://rubizh.shop/catalog/taktychna-medytsyna/krovospynni-zasoby/turnikety-dzhhuty-ta-hemostatyky
127;Тактична медицина;Тактична медицина / Медичні аксесуари;Медичні аксесуари;1;127-medychni-aksesuary.png;https://rubizh.shop/catalog/taktychna-medytsyna/medychni-aksesuary
128;Тактична медицина;Тактична медицина / Навчальні засоби;Навчальні засоби;1;128-navchalni-zasoby.png;https://rubizh.shop/catalog/taktychna-medytsyna/navchalni-zasoby
129;Маскування;Маскування / Антидронові сітки;Антидронові сітки;90;129-antydronovi-sitky.png;https://rubizh.shop/catalog/maskuvannia/antydronovi-sitky
130;Маскування;Маскування / Антидронові сітки / Для доріг і техніки;Для доріг і техніки;90;130-dlia-dorih-i-tekhniky.png;https://rubizh.shop/catalog/maskuvannia/antydronovi-sitky/dlia-dorih-i-tekhniky
131;Маскування;Маскування / Маскувальні костюми;Маскувальні костюми;1;131-maskuvalni-kostiumy.png;https://rubizh.shop/catalog/maskuvannia/maskuvalni-kostiumy
132;Маскування;Маскування / Маскувальні костюми / Сітчасті та сезонні костюми;Сітчасті та сезонні костюми;1;132-sitchasti-ta-sezonni-kostiumy.png;https://rubizh.shop/catalog/maskuvannia/maskuvalni-kostiumy/sitchasti-ta-sezonni-kostiumy
133;Маскування;Маскування / Маскувальні матеріали;Маскувальні матеріали;1;133-maskuvalni-materialy.png;https://rubizh.shop/catalog/maskuvannia/maskuvalni-materialy
134;Маскування;Маскування / Маскувальні матеріали / Стрічки та тканини;Стрічки та тканини;1;134-strichky-ta-tkanyny.png;https://rubizh.shop/catalog/maskuvannia/maskuvalni-materialy/strichky-ta-tkanyny
135;Маскування;Маскування / Маскувальні сітки;Маскувальні сітки;619;135-maskuvalni-sitky.png;https://rubizh.shop/catalog/maskuvannia/maskuvalni-sitky
136;Маскування;Маскування / Маскувальні сітки Militex;Маскувальні сітки Militex;138;136-maskuvalni-sitky-militex.png;https://rubizh.shop/catalog/maskuvannia/maskuvalni-sitky-militex
137;Маскування;Маскування / Маскувальні сітки Militex / Альпійська клякса;Альпійська клякса;17;137-alpiiska-kliaksa.png;https://rubizh.shop/catalog/maskuvannia/maskuvalni-sitky-militex/alpiiska-kliaksa
138;Маскування;Маскування / Маскувальні сітки Militex / Дубове листя;Дубове листя;17;138-dubove-lystia.png;https://rubizh.shop/catalog/maskuvannia/maskuvalni-sitky-militex/dubove-lystia
139;Маскування;Маскування / Маскувальні сітки Militex / Камуфляж;Камуфляж;5;139-kamufliazh.png;https://rubizh.shop/catalog/maskuvannia/maskuvalni-sitky-militex/kamufliazh
140;Маскування;Маскування / Маскувальні сітки Militex / Листя осінь;Листя осінь;17;140-lystia-osin.png;https://rubizh.shop/catalog/maskuvannia/maskuvalni-sitky-militex/lystia-osin
141;Маскування;Маскування / Маскувальні сітки Militex / Мультикам;Мультикам;8;141-multykam.png;https://rubizh.shop/catalog/maskuvannia/maskuvalni-sitky-militex/multykam
142;Маскування;Маскування / Маскувальні сітки Militex / Мультикам бруд;Мультикам бруд;17;142-multykam-brud.png;https://rubizh.shop/catalog/maskuvannia/maskuvalni-sitky-militex/multykam-brud
143;Маскування;Маскування / Маскувальні сітки Militex / Піксель;Піксель;6;143-piksel.png;https://rubizh.shop/catalog/maskuvannia/maskuvalni-sitky-militex/piksel
144;Маскування;Маскування / Маскувальні сітки Militex / З основою мультикам;З основою мультикам;17;144-z-osnovoiu-multykam.png;https://rubizh.shop/catalog/maskuvannia/maskuvalni-sitky-militex/z-osnovoiu-multykam
145;Маскування;Маскування / Маскувальні сітки Militex / З основою зимовий мультикам;З основою зимовий мультикам;17;145-z-osnovoiu-zymovyi-multykam.png;https://rubizh.shop/catalog/maskuvannia/maskuvalni-sitky-militex/z-osnovoiu-zymovyi-multykam
146;Маскування;Маскування / Маскувальні сітки Militex / Зимовий мультикам;Зимовий мультикам;17;146-zymovyi-multykam.png;https://rubizh.shop/catalog/maskuvannia/maskuvalni-sitky-militex/zymovyi-multykam
147;Маскування;Маскування / Маскувальні сітки / Маскувальні сітки;Маскувальні сітки;619;147-maskuvalni-sitky.png;https://rubizh.shop/catalog/maskuvannia/maskuvalni-sitky/maskuvalni-sitky
148;Туризм та польове спорядження;Туризм та польове спорядження / Гігієна;Гігієна;2;148-hihiiena.png;https://rubizh.shop/catalog/turyzm-ta-polove-sporiadzhennia/hihiiena
149;Туризм та польове спорядження;Туризм та польове спорядження / Гігієна / Засоби гігієни;Засоби гігієни;2;149-zasoby-hihiieny.png;https://rubizh.shop/catalog/turyzm-ta-polove-sporiadzhennia/hihiiena/zasoby-hihiieny
150;Туризм та польове спорядження;Туризм та польове спорядження / Інше;Інше;92;150-inshe.png;https://rubizh.shop/catalog/turyzm-ta-polove-sporiadzhennia/inshe
151;Туризм та польове спорядження;Туризм та польове спорядження / Інше / Карабіни та кріплення;Карабіни та кріплення;81;151-karabiny-ta-kriplennia.png;https://rubizh.shop/catalog/turyzm-ta-polove-sporiadzhennia/inshe/karabiny-ta-kriplennia
152;Туризм та польове спорядження;Туризм та польове спорядження / Інше / Польове спорядження;Польове спорядження;3;152-polove-sporiadzhennia.png;https://rubizh.shop/catalog/turyzm-ta-polove-sporiadzhennia/inshe/polove-sporiadzhennia
153;Туризм та польове спорядження;Туризм та польове спорядження / Інше / Прапори та шеврони;Прапори та шеврони;8;153-prapory-ta-shevrony.png;https://rubizh.shop/catalog/turyzm-ta-polove-sporiadzhennia/inshe/prapory-ta-shevrony
154;Туризм та польове спорядження;Туризм та польове спорядження / Каремати та сидушки;Каремати та сидушки;26;154-karematy-ta-sydushky.png;https://rubizh.shop/catalog/turyzm-ta-polove-sporiadzhennia/karematy-ta-sydushky
155;Туризм та польове спорядження;Туризм та польове спорядження / Каремати та сидушки / Розкладні каремати;Розкладні каремати;3;155-rozkladni-karematy.png;https://rubizh.shop/catalog/turyzm-ta-polove-sporiadzhennia/karematy-ta-sydushky/rozkladni-karematy
156;Туризм та польове спорядження;Туризм та польове спорядження / Каремати та сидушки / Тактичні сидушки;Тактичні сидушки;18;156-taktychni-sydushky.png;https://rubizh.shop/catalog/turyzm-ta-polove-sporiadzhennia/karematy-ta-sydushky/taktychni-sydushky
157;Туризм та польове спорядження;Туризм та польове спорядження / Каремати та сидушки / Туристичні каремати;Туристичні каремати;5;157-turystychni-karematy.png;https://rubizh.shop/catalog/turyzm-ta-polove-sporiadzhennia/karematy-ta-sydushky/turystychni-karematy
158;Туризм та польове спорядження;Туризм та польове спорядження / Посуд та харчування;Посуд та харчування;2;158-posud-ta-kharchuvannia.png;https://rubizh.shop/catalog/turyzm-ta-polove-sporiadzhennia/posud-ta-kharchuvannia
159;Туризм та польове спорядження;Туризм та польове спорядження / Посуд та харчування / Польовий посуд;Польовий посуд;1;159-polovyi-posud.png;https://rubizh.shop/catalog/turyzm-ta-polove-sporiadzhennia/posud-ta-kharchuvannia/polovyi-posud
160;Туризм та польове спорядження;Туризм та польове спорядження / Посуд та харчування / Термоси;Термоси;1;160-termosy.png;https://rubizh.shop/catalog/turyzm-ta-polove-sporiadzhennia/posud-ta-kharchuvannia/termosy
161;Туризм та польове спорядження;Туризм та польове спорядження / Сон;Сон;45;161-son.png;https://rubizh.shop/catalog/turyzm-ta-polove-sporiadzhennia/son
162;Туризм та польове спорядження;Туризм та польове спорядження / Сон / Каремати;Каремати;6;162-karematy.png;https://rubizh.shop/catalog/turyzm-ta-polove-sporiadzhennia/son/karematy
163;Туризм та польове спорядження;Туризм та польове спорядження / Сон / Спальні мішки;Спальні мішки;25;163-spalni-mishky.png;https://rubizh.shop/catalog/turyzm-ta-polove-sporiadzhennia/son/spalni-mishky
164;Туризм та польове спорядження;Туризм та польове спорядження / Сон / Термоковдри;Термоковдри;14;164-termokovdry.png;https://rubizh.shop/catalog/turyzm-ta-polove-sporiadzhennia/son/termokovdry
165;Туризм та польове спорядження;Туризм та польове спорядження / Вогонь та обігрів;Вогонь та обігрів;2;165-vohon-ta-obihriv.png;https://rubizh.shop/catalog/turyzm-ta-polove-sporiadzhennia/vohon-ta-obihriv
166;Туризм та польове спорядження;Туризм та польове спорядження / Вогонь та обігрів / Пальники;Пальники;2;166-palnyky.png;https://rubizh.shop/catalog/turyzm-ta-polove-sporiadzhennia/vohon-ta-obihriv/palnyky
167;Електроніка та спостереження;Електроніка та спостереження / Аксесуари;Аксесуари;3;167-aksesuary.png;https://rubizh.shop/catalog/elektronika-ta-sposterezhennia/aksesuary
168;Електроніка та спостереження;Електроніка та спостереження / Аксесуари / Карти пам'яті;Карти пам'яті;2;168-karty-pamiati.png;https://rubizh.shop/catalog/elektronika-ta-sposterezhennia/aksesuary/karty-pamiati
169;Електроніка та спостереження;Електроніка та спостереження / Екшн-камери;Екшн-камери;5;169-ekshn-kamery.png;https://rubizh.shop/catalog/elektronika-ta-sposterezhennia/ekshn-kamery
170;Електроніка та спостереження;Електроніка та спостереження / Екшн-камери / Екшн-камери;Екшн-камери;5;170-ekshn-kamery.png;https://rubizh.shop/catalog/elektronika-ta-sposterezhennia/ekshn-kamery/ekshn-kamery
171;Електроніка та спостереження;Електроніка та спостереження / Кріплення;Кріплення;20;171-kriplennia.png;https://rubizh.shop/catalog/elektronika-ta-sposterezhennia/kriplennia
172;Електроніка та спостереження;Електроніка та спостереження / Кріплення / Для ПНБ та тепловізорів;Для ПНБ та тепловізорів;20;172-dlia-pnb-ta-teplovizoriv.png;https://rubizh.shop/catalog/elektronika-ta-sposterezhennia/kriplennia/dlia-pnb-ta-teplovizoriv
173;Електроніка та спостереження;Електроніка та спостереження / Оптика;Оптика;1;173-optyka.png;https://rubizh.shop/catalog/elektronika-ta-sposterezhennia/optyka
174;Електроніка та спостереження;Електроніка та спостереження / Оптика / Монокуляри;Монокуляри;1;174-monokuliary.png;https://rubizh.shop/catalog/elektronika-ta-sposterezhennia/optyka/monokuliary
175;Освітлення;Освітлення / Ліхтарі та аксесуари;Ліхтарі та аксесуари;6;175-likhtari-ta-aksesuary.png;https://rubizh.shop/catalog/osvitlennia/likhtari-ta-aksesuary
176;Освітлення;Освітлення / Ліхтарі та аксесуари / Ліхтарі та аксесуари;Ліхтарі та аксесуари;5;176-likhtari-ta-aksesuary.png;https://rubizh.shop/catalog/osvitlennia/likhtari-ta-aksesuary/likhtari-ta-aksesuary
177;Освітлення;Освітлення / Ліхтарі та аксесуари / Ручні ліхтарі;Ручні ліхтарі;1;177-ruchni-likhtari.png;https://rubizh.shop/catalog/osvitlennia/likhtari-ta-aksesuary/ruchni-likhtari
178;Автономне живлення;Автономне живлення / Аксесуари;Аксесуари;3;178-aksesuary.png;https://rubizh.shop/catalog/avtonomne-zhyvlennia/aksesuary
179;Автономне живлення;Автономне живлення / Аксесуари / Аксесуари живлення;Аксесуари живлення;3;179-aksesuary-zhyvlennia.png;https://rubizh.shop/catalog/avtonomne-zhyvlennia/aksesuary/aksesuary-zhyvlennia
180;Автономне живлення;Автономне живлення / Акумулятори та батарейки;Акумулятори та батарейки;9;180-akumuliatory-ta-batareiky.png;https://rubizh.shop/catalog/avtonomne-zhyvlennia/akumuliatory-ta-batareiky
181;Автономне живлення;Автономне живлення / Кабелі та перехідники;Кабелі та перехідники;1;181-kabeli-ta-perekhidnyky.png;https://rubizh.shop/catalog/avtonomne-zhyvlennia/kabeli-ta-perekhidnyky
182;Автономне живлення;Автономне живлення / Павербанки;Павербанки;1;182-paverbanky.png;https://rubizh.shop/catalog/avtonomne-zhyvlennia/paverbanky
183;Автономне живлення;Автономне живлення / Сонячна енергія;Сонячна енергія;1;183-soniachna-enerhiia.png;https://rubizh.shop/catalog/avtonomne-zhyvlennia/soniachna-enerhiia
184;Автономне живлення;Автономне живлення / Сонячна енергія / Сонячні панелі;Сонячні панелі;1;184-soniachni-paneli.png;https://rubizh.shop/catalog/avtonomne-zhyvlennia/soniachna-enerhiia/soniachni-paneli
185;Автономне живлення;Автономне живлення / Зарядні станції;Зарядні станції;6;185-zariadni-stantsii.png;https://rubizh.shop/catalog/avtonomne-zhyvlennia/zariadni-stantsii
186;Автономне живлення;Автономне живлення / Зарядні станції / Портативні зарядні станції;Портативні зарядні станції;6;186-portatyvni-zariadni-stantsii.png;https://rubizh.shop/catalog/avtonomne-zhyvlennia/zariadni-stantsii/portatyvni-zariadni-stantsii
187;Збройові аксесуари;Збройові аксесуари / Чохли для зброї;Чохли для зброї;3;187-chokhly-dlia-zbroi.png;https://rubizh.shop/catalog/zbroiovi-aksesuary/chokhly-dlia-zbroi
188;Збройові аксесуари;Збройові аксесуари / Догляд;Догляд;3;188-dohliad.png;https://rubizh.shop/catalog/zbroiovi-aksesuary/dohliad
189;Збройові аксесуари;Збройові аксесуари / Догляд / Чищення зброї;Чищення зброї;1;189-chyshchennia-zbroi.png;https://rubizh.shop/catalog/zbroiovi-aksesuary/dohliad/chyshchennia-zbroi
190;Збройові аксесуари;Збройові аксесуари / Догляд / Набори для чищення;Набори для чищення;2;190-nabory-dlia-chyshchennia.png;https://rubizh.shop/catalog/zbroiovi-aksesuary/dohliad/nabory-dlia-chyshchennia
191;Збройові аксесуари;Збройові аксесуари / Інше;Інше;6;191-inshe.png;https://rubizh.shop/catalog/zbroiovi-aksesuary/inshe
192;Збройові аксесуари;Збройові аксесуари / Інше / Інші аксесуари;Інші аксесуари;6;192-inshi-aksesuary.png;https://rubizh.shop/catalog/zbroiovi-aksesuary/inshe/inshi-aksesuary
193;Збройові аксесуари;Збройові аксесуари / Кобури;Кобури;1;193-kobury.png;https://rubizh.shop/catalog/zbroiovi-aksesuary/kobury
194;Збройові аксесуари;Збройові аксесуари / Кобури / Тактичні кобури;Тактичні кобури;1;194-taktychni-kobury.png;https://rubizh.shop/catalog/zbroiovi-aksesuary/kobury/taktychni-kobury
195;Збройові аксесуари;Збройові аксесуари / Магазини;Магазини;14;195-mahazyny.png;https://rubizh.shop/catalog/zbroiovi-aksesuary/mahazyny
196;Збройові аксесуари;Збройові аксесуари / Магазини / Для АК та AR-15;Для АК та AR-15;7;196-dlia-ak-ta-ar-15.png;https://rubizh.shop/catalog/zbroiovi-aksesuary/mahazyny/dlia-ak-ta-ar-15
197;Збройові аксесуари;Збройові аксесуари / Магазини / Магазини АК та AR15;Магазини АК та AR15;7;197-mahazyny-ak-ta-ar15.png;https://rubizh.shop/catalog/zbroiovi-aksesuary/mahazyny/mahazyny-ak-ta-ar15
198;Збройові аксесуари;Збройові аксесуари / Приклади та щоки;Приклади та щоки;6;198-pryklady-ta-shchoky.png;https://rubizh.shop/catalog/zbroiovi-aksesuary/pryklady-ta-shchoky
199;Збройові аксесуари;Збройові аксесуари / Ремені;Ремені;29;199-remeni.png;https://rubizh.shop/catalog/zbroiovi-aksesuary/remeni
200;Збройові аксесуари;Збройові аксесуари / Ремені / Двоточкові ремені;Двоточкові ремені;15;200-dvotochkovi-remeni.png;https://rubizh.shop/catalog/zbroiovi-aksesuary/remeni/dvotochkovi-remeni
201;Збройові аксесуари;Збройові аксесуари / Ремені / Одноточкові ремені;Одноточкові ремені;4;201-odnotochkovi-remeni.png;https://rubizh.shop/catalog/zbroiovi-aksesuary/remeni/odnotochkovi-remeni
202;Збройові аксесуари;Збройові аксесуари / Ремені / Ремені для зброї;Ремені для зброї;5;202-remeni-dlia-zbroi.png;https://rubizh.shop/catalog/zbroiovi-aksesuary/remeni/remeni-dlia-zbroi
203;Збройові аксесуари;Збройові аксесуари / Ремені / Трьохточкові ремені;Трьохточкові ремені;5;203-trokhtochkovi-remeni.png;https://rubizh.shop/catalog/zbroiovi-aksesuary/remeni/trokhtochkovi-remeni
204;Збройові аксесуари;Збройові аксесуари / Руків'я та упори;Руків'я та упори;6;204-rukivia-ta-upory.png;https://rubizh.shop/catalog/zbroiovi-aksesuary/rukivia-ta-upory
205;Збройові аксесуари;Збройові аксесуари / Сошки;Сошки;2;205-soshky.png;https://rubizh.shop/catalog/zbroiovi-aksesuary/soshky
206;Захист очей та обличчя;Захист очей та обличчя / Окуляри;Окуляри;7;206-okuliary.png;https://rubizh.shop/catalog/zakhyst-ochei-ta-oblychchia/okuliary
207;Захист очей та обличчя;Захист очей та обличчя / Окуляри / Тактичні окуляри;Тактичні окуляри;7;207-taktychni-okuliary.png;https://rubizh.shop/catalog/zakhyst-ochei-ta-oblychchia/okuliary/taktychni-okuliary
208;Інструменти та ножі;Інструменти та ножі / Ножі та мультитули;Ножі та мультитули;9;208-nozhi-ta-multytuly.png;https://rubizh.shop/catalog/instrumenty-ta-nozhi/nozhi-ta-multytuly
