product_id;product_name;old_category_id;proposed_category_id;status;decision_status;reason
p01408cuehwa;Рюкзак-сумка під Браунінг М2 M-WIN Кордура;bags_tactical;bags_backpacks;CHANGED_HIGH_CONFIDENCE;AUTO_CONFIRMED_WITH_ATTRIBUTES;semantic_primary_product
p05q7jrlehw5;Підсумок під турнікет закритого типу M-WIN;camouflage_nets;pouches_tourniquets;CHANGED_HIGH_CONFIDENCE;AUTO_CONFIRMED_WITH_ATTRIBUTES;semantic_primary_product
p0771a9dm3wf;Захист плечей з балістичним захистом 2 клас Militex cordura USA;armor_sets;armor_soft;CHANGED_HIGH_CONFIDENCE;AUTO_CONFIRMED_WITH_ATTRIBUTES;semantic_primary_product
p0dz1f8pehnf;Камербанд на стропах моллі з балістичним пакетом 150х200 1 класу (Комплект 2 шт.);field_fasteners;armor_accessories;CHANGED_HIGH_CONFIDENCE;AUTO_CONFIRMED_WITH_ATTRIBUTES;semantic_primary_product
p0gbyiizm3xj;Комплект (захист живота Kiborg + балістичний захист 1 клас Militex) GEN.2;field_fasteners;armor_soft;CHANGED_HIGH_CONFIDENCE;AUTO_CONFIRMED_WITH_ATTRIBUTES;semantic_primary_product
p0v7ulw8m3x9;Камербанди Kiborg з кишенями та швидким скидом Gen.2, 2 шт. з балістичними пакет Militex 1 класу захисту;field_fasteners;armor_accessories;CHANGED_HIGH_CONFIDENCE;AUTO_CONFIRMED_WITH_ATTRIBUTES;semantic_primary_product
p12ixkv4m3xe;Кевларовий балістичний шолом FAST GEN III Kevlar з кріпленням NVG та рейками;helmets_rails;helmets_ballistic;CHANGED_HIGH_CONFIDENCE;AUTO_CONFIRMED_WITH_ATTRIBUTES;semantic_primary_product
p18sjy8vm3xj;Комплект (захист живота Kiborg + балістичний захист 2 класу Militex) GEN.2;field_fasteners;armor_soft;CHANGED_HIGH_CONFIDENCE;AUTO_CONFIRMED_WITH_ATTRIBUTES;semantic_primary_product
p1adrjn7ehn9;Балістичний захист плечей 2 клас M-WIN Піксель. Комплект 2 шт.;armor_sets;armor_soft;CHANGED_HIGH_CONFIDENCE;AUTO_CONFIRMED_WITH_ATTRIBUTES;semantic_primary_product
p1bejzvwm3wk;Захист шиї mod. 1 з балістичним пакетом Militex cordura USA;armor_sets;armor_soft;CHANGED_HIGH_CONFIDENCE;AUTO_CONFIRMED_WITH_ATTRIBUTES;semantic_primary_product
p1inf92vm40z;Сумка для захисту паху Militex розмір | Cordura original USA;field_fasteners;armor_accessories;CHANGED_HIGH_CONFIDENCE;AUTO_CONFIRMED_WITH_ATTRIBUTES;semantic_primary_product
p1mamm95m3uw;Бронежилет Kiborg Modular X-1 (збільшена площа захисту) + балістичний пакет Militex, 1 клас;field_fasteners;armor_vests;CHANGED_HIGH_CONFIDENCE;AUTO_CONFIRMED_WITH_ATTRIBUTES;semantic_primary_product
p1rl7ttpm3tq;Балістичний захист 2 класу Militex для поясу РПС R-3 — M (93*19 см);load_bearing_rps;armor_soft;CHANGED_HIGH_CONFIDENCE;AUTO_CONFIRMED_WITH_ATTRIBUTES;semantic_primary_product
p1snv5ocm3tn;Балістичний захист 1 класу Militex для поясу РПС R-3 — M (93*19 см);load_bearing_rps;armor_soft;CHANGED_HIGH_CONFIDENCE;AUTO_CONFIRMED_WITH_ATTRIBUTES;semantic_primary_product
p1u9f8xgogqc;Подсумок для планшета, мультикам;pouches_other;pouches_phone;CHANGED_HIGH_CONFIDENCE;AUTO_CONFIRMED_WITH_ATTRIBUTES;semantic_primary_product
p1yq75u5m3xp;Комплект камербанди Gen.2 для плитоноски KIBORG (зі швидким скидом) + балістичний захист 2 класу —;field_fasteners;armor_accessories;CHANGED_HIGH_CONFIDENCE;AUTO_CONFIRMED_WITH_ATTRIBUTES;semantic_primary_product
p24pfmldm42w;Шолом з Кавером Навушниками Ліхтариком Комплект Шолома з Навушниками Каска;helmets_covers;helmets_ballistic;CHANGED_HIGH_CONFIDENCE;AUTO_CONFIRMED_WITH_ATTRIBUTES;semantic_primary_product
p24uczf9m3wa;Зарядний пристрій YX для DJI Mavic 4 Pro на 3 акумулятори з USB-виходом;power_batteries;power_accessories;CHANGED_HIGH_CONFIDENCE;AUTO_CONFIRMED_WITH_ATTRIBUTES;semantic_primary_product
p28c1s09m3xv;Костюм (штани+куртка) twill;clothing_jackets;clothing_costumes;CHANGED_HIGH_CONFIDENCE;AUTO_CONFIRMED_WITH_ATTRIBUTES;semantic_primary_product
p2a1iwusm3xs;Комплект сумка-напашник M + балістичний захист 1 клас Cordura original USA Militex;field_fasteners;pouches_dangler;CHANGED_HIGH_CONFIDENCE;AUTO_CONFIRMED_WITH_ATTRIBUTES;semantic_primary_product
p2c1wua2ogqw;Сумка тактична поясна, органайзер, підсумок Molle;bags_organizers;bags_waist;CHANGED_HIGH_CONFIDENCE;AUTO_CONFIRMED_WITH_ATTRIBUTES;semantic_primary_product
p2haiw78m3uz;Бронежилет Militex Modular X-1 з балістичним пакетом (2 клас) | | Cordura USA | Розмір;field_fasteners;armor_vests;CHANGED_HIGH_CONFIDENCE;AUTO_CONFIRMED_WITH_ATTRIBUTES;semantic_primary_product
p2k9q20om3wg;Захист плечей Kiborg з балістичним пакетом 1 клас захисту Militex;armor_sets;armor_soft;CHANGED_HIGH_CONFIDENCE;AUTO_CONFIRMED_WITH_ATTRIBUTES;semantic_primary_product
p2r2cmq3ogrk;Тактична сумка для ноутбука;camouflage_nets;bags_tactical_bags;CHANGED_HIGH_CONFIDENCE;AUTO_CONFIRMED_WITH_ATTRIBUTES;semantic_primary_product
p2raxrctehwb;Сумка-напашник з балістичним пакетом 2 класу M-WIN Large LC;field_fasteners;pouches_dangler;CHANGED_HIGH_CONFIDENCE;AUTO_CONFIRMED_WITH_ATTRIBUTES;semantic_primary_product
p2s1gdk8n190;Підсумок під пляшку (MOLLE, підсумок на розгрузку, жилет, РПС);clothing_vests;pouches_other;CHANGED_HIGH_CONFIDENCE;AUTO_CONFIRMED_WITH_ATTRIBUTES;semantic_primary_product
p2sesp6iehne;Зимовий флісовий комплект M-WIN. Шапка (розмір)+баф. Олива.;clothing_balaclavas;clothing_headwear;CHANGED_HIGH_CONFIDENCE;AUTO_CONFIRMED_WITH_ATTRIBUTES;semantic_primary_product
p2va3ni8n18r;Підсумок під аптечку із вкладишем Warrior Spirit Мультикам;pouches_ifak;pouches_medical;CHANGED_HIGH_CONFIDENCE;AUTO_CONFIRMED_WITH_ATTRIBUTES;semantic_primary_product
p2z4u26pehnh;Кріплення Чебурашки для активних навушників EARMOR (Ops core arc & team wendy);helmets_mounts;communications_accessories;CHANGED_HIGH_CONFIDENCE;AUTO_CONFIRMED_WITH_ATTRIBUTES;semantic_primary_product
p30tcemanqai;"Комплект мілітарі ""TRAVEL DEFENCE"" 3 в 1 (Таслан + Мікрофліс)";clothing_fleece;clothing_costumes;CHANGED_HIGH_CONFIDENCE;SUPPLIER_MAPPING;unambiguous_supplier_mapping
p338xjlrn1b8;Тактичний пояс розвантажувальний РПС з кріпленнім MOLLE та плечовими лямками без підсумків;load_bearing_rps;load_bearing_belts;CHANGED_HIGH_CONFIDENCE;AUTO_CONFIRMED_WITH_ATTRIBUTES;semantic_primary_product
p3c0ff6rm3xr;Комплект обвісу для шолому FAST, MICH;helmets_ballistic;helmets_accessories;CHANGED_HIGH_CONFIDENCE;AUTO_CONFIRMED_WITH_ATTRIBUTES;semantic_primary_product
p3cosccwn17q;Ножиці SANKE RESCUE (чохол MOLLE);tools_knives;medical_shears;CHANGED_HIGH_CONFIDENCE;AUTO_CONFIRMED_WITH_ATTRIBUTES;semantic_primary_product
p3ftup4iogrn;Тактична флісова куртка / чорна;clothing_jackets;clothing_fleece;CHANGED_HIGH_CONFIDENCE;AUTO_CONFIRMED_WITH_ATTRIBUTES;semantic_primary_product
p3iicx4am3v0;Бронековдра KIBORG з балістичним захистом 1 класу від Militex у кольорі;armor_sets;armor_soft;CHANGED_HIGH_CONFIDENCE;AUTO_CONFIRMED_WITH_ATTRIBUTES;semantic_primary_product
p3iprcb7m406;Протиударний нагрудний чохол під смартфон;field_other;field_fasteners;CHANGED_HIGH_CONFIDENCE;AUTO_CONFIRMED_WITH_ATTRIBUTES;semantic_primary_product
p3it5nlrnqaj;"Комплект мілітарі Костюм ""CRUSADER"" + Термобілизна";clothing_thermal;clothing_costumes;CHANGED_HIGH_CONFIDENCE;AUTO_CONFIRMED_WITH_ATTRIBUTES;semantic_primary_product
p3o204fjm3zg;Передня панель для плитоноски з 3 підсумками під магазин Чорна;pouches_magazines;pouches_panels;CHANGED_HIGH_CONFIDENCE;AUTO_CONFIRMED_WITH_ATTRIBUTES;semantic_primary_product
p3uw4tfbm3zt;Плитоноска Kiborg GU Gen.2 + з'ємна панель для трьох магазинів;field_fasteners;armor_carriers;CHANGED_HIGH_CONFIDENCE;AUTO_CONFIRMED_WITH_ATTRIBUTES;semantic_primary_product
p3w0cfqhn18n;Підсумок мультитул Warrior Spirit;tools_multitools;pouches_other;CHANGED_HIGH_CONFIDENCE;AUTO_CONFIRMED_WITH_ATTRIBUTES;semantic_primary_product
p3zq5g0bm3wd;Захист живота/кишківника Kiborg з балістичним захистом 2 клас Militex;armor_sets;armor_soft;CHANGED_HIGH_CONFIDENCE;AUTO_CONFIRMED_WITH_ATTRIBUTES;semantic_primary_product
p419gb4zm3ti;Аптечка-підсумок зі швидким скидом Kiborg GU;pouches_ifak;pouches_medical;CHANGED_HIGH_CONFIDENCE;AUTO_CONFIRMED_WITH_ATTRIBUTES;semantic_primary_product
p43ly91cm3tn;Балістичний захист 1 класу Militex для поясу РПС R-3 — L (102*20,6 см);load_bearing_rps;armor_soft;CHANGED_HIGH_CONFIDENCE;AUTO_CONFIRMED_WITH_ATTRIBUTES;semantic_primary_product
p4b582q2ogq0;Маска, окуляри тактичні;eye_protection_glasses;eye_protection_masks;CHANGED_HIGH_CONFIDENCE;AUTO_CONFIRMED_WITH_ATTRIBUTES;semantic_primary_product
p4nh2usmm40b;Розвантажувальний пояс РПС Kiborg R-1 GEN.2 (з захистом 1 клас Militex);field_fasteners;load_bearing_belts;CHANGED_HIGH_CONFIDENCE;AUTO_CONFIRMED_WITH_ATTRIBUTES;semantic_primary_product
p4o0x3eam3uy;Бронежилет Militex Modular X-1 з балістичним пакетом (1 клас) | | Cordura USA | Розмір;field_fasteners;armor_vests;CHANGED_HIGH_CONFIDENCE;AUTO_CONFIRMED_WITH_ATTRIBUTES;semantic_primary_product
p4qr4u5lm3zg;Передня панель для плитоноски з 3 підсумками під магазин;pouches_magazines;pouches_panels;CHANGED_HIGH_CONFIDENCE;AUTO_CONFIRMED_WITH_ATTRIBUTES;semantic_primary_product
p4y8h5rrm3uw;Бронежилет Kiborg Modular X-1 з балістичним захистом Militex (1 клас);field_fasteners;armor_vests;CHANGED_HIGH_CONFIDENCE;AUTO_CONFIRMED_WITH_ATTRIBUTES;semantic_primary_product
p535vit8m3zh;Перехідник блок живлення для заряджання телефона від fpv батареї 4 USB виходи Kiborg;power_stations;power_cables;CHANGED_HIGH_CONFIDENCE;AUTO_CONFIRMED_WITH_ATTRIBUTES;semantic_primary_product
p547dzocm42f;Утеплений зимовий костюм (куртка + штани);clothing_jackets;clothing_costumes;CHANGED_HIGH_CONFIDENCE;AUTO_CONFIRMED_WITH_ATTRIBUTES;semantic_primary_product
p54whu68ehnb;Балістичний захист шиї / Горжет 1 клас M-WIN;armor_sets;armor_soft;CHANGED_HIGH_CONFIDENCE;AUTO_CONFIRMED_WITH_ATTRIBUTES;semantic_primary_product
p55dve7xogq6;Підсумок органайзер (аптечка), колір мультикам;pouches_ifak;pouches_medical;CHANGED_HIGH_CONFIDENCE;AUTO_CONFIRMED_WITH_ATTRIBUTES;semantic_primary_product
p585kpd3m40z;Сумка для захисту паху MILITEX з балістичним пакетом 2 класу;field_fasteners;armor_accessories;CHANGED_HIGH_CONFIDENCE;AUTO_CONFIRMED_WITH_ATTRIBUTES;semantic_primary_product
p58t1mfan138;Балістичний пакет BP200x165(135) Клас 1 (Напашник);pouches_dangler;armor_soft;CHANGED_HIGH_CONFIDENCE;AUTO_CONFIRMED_WITH_ATTRIBUTES;semantic_primary_product
p5doxwz0n18b;Підсумок аптечка тактична MOLLE для РПС, разгрузки або жилету;pouches_ifak;pouches_medical;CHANGED_HIGH_CONFIDENCE;AUTO_CONFIRMED_WITH_ATTRIBUTES;semantic_primary_product
p5jw6nxem3x3;Зимовий комлект костюма (куртка+штани) LVL 7;clothing_jackets;clothing_costumes;CHANGED_HIGH_CONFIDENCE;SUPPLIER_MAPPING;unambiguous_supplier_mapping
p5s5v6ucogqx;Сумка тактична через плече;camouflage_nets;bags_shoulder;CHANGED_HIGH_CONFIDENCE;AUTO_CONFIRMED_WITH_ATTRIBUTES;semantic_primary_product
p5szykhfm403;Пояс до РПС GEN.2 Kiborg R-1 с IRR-покриттям;load_bearing_rps;load_bearing_belts;CHANGED_HIGH_CONFIDENCE;AUTO_CONFIRMED_WITH_ATTRIBUTES;semantic_primary_product
p5u317j7ogq6;Підсумок із системою кріплення MOLLE і жорстиким стінками в кольорі /Мультикам;pouches_utility;pouches_other;CHANGED_HIGH_CONFIDENCE;AUTO_CONFIRMED_WITH_ATTRIBUTES;semantic_primary_product
p5ye3ot9ogub;Чоловічі лофери з натуральної замші сірі;__CATEGORY_REVIEW__;footwear_shoes;CHANGED_HIGH_CONFIDENCE;AUTO_CONFIRMED_WITH_ATTRIBUTES;semantic_primary_product
p5ykhiogm3xb;Каремат-сидушка Kiborg 20mm (посилена) Cordura під бронепакет;armor_soft;field_seats;CHANGED_HIGH_CONFIDENCE;AUTO_CONFIRMED_WITH_ATTRIBUTES;semantic_primary_product
p6dg20t0m3xi;Кітель Twill FS;clothing_costumes;clothing_combat_shirts;CHANGED_HIGH_CONFIDENCE;AUTO_CONFIRMED_WITH_ATTRIBUTES;semantic_primary_product
p6f4u01fogto;Форма тактична, мультикам;camouflage_nets;clothing_costumes;CHANGED_HIGH_CONFIDENCE;AUTO_CONFIRMED_WITH_ATTRIBUTES;semantic_primary_product
p6z0n8dkehvi;Маскувальний тактичний шарф-арафатка M-WIN 110х100 см;clothing_headwear;clothing_balaclavas;CHANGED_HIGH_CONFIDENCE;AUTO_CONFIRMED_WITH_ATTRIBUTES;semantic_primary_product
p73d3drjm3wc;Захист живота Gen.2 з балістичним захистом 1 клас Militex Cordura original USA;field_fasteners;armor_soft;CHANGED_HIGH_CONFIDENCE;AUTO_CONFIRMED_WITH_ATTRIBUTES;semantic_primary_product
p79jwnhdn12n;Адміністративна плечова сумка E-Gear;bags_tactical_bags;bags_shoulder;CHANGED_HIGH_CONFIDENCE;AUTO_CONFIRMED_WITH_ATTRIBUTES;semantic_primary_product
p7f0yz8cm3wj;Захист попереку Kiborg з балістичним пакетом 1 клас захисту Militex;field_fasteners;armor_soft;CHANGED_HIGH_CONFIDENCE;AUTO_CONFIRMED_WITH_ATTRIBUTES;semantic_primary_product
p7ljbahqm3we;Захист паху (напашник-фартух) Militex з балістичним захистом 2 клас cordura USA;armor_sets;armor_soft;CHANGED_HIGH_CONFIDENCE;AUTO_CONFIRMED_WITH_ATTRIBUTES;semantic_primary_product
p7wo68sim3vc;Велкро липучки(панелі) 5шт для шолому;helmets_ballistic;helmets_accessories;CHANGED_HIGH_CONFIDENCE;AUTO_CONFIRMED_WITH_ATTRIBUTES;semantic_primary_product
p7zndq5nm3uu;Бронежилет (XL) Militex Modular X-1 (збільшена площа захисту) з балістичними пакетами,, 2 клас;field_fasteners;armor_vests;CHANGED_HIGH_CONFIDENCE;AUTO_CONFIRMED_WITH_ATTRIBUTES;semantic_primary_product
p808vuc1m3ur;Болти та гайки для шолома Fast, Arch, Mich;helmets_ballistic;helmets_accessories;CHANGED_HIGH_CONFIDENCE;AUTO_CONFIRMED_WITH_ATTRIBUTES;semantic_primary_product
p86ov95mnqax;"Підсумок на стегно ""ANTITERROR II"" (Cordura)";pouches_utility;pouches_other;CHANGED_HIGH_CONFIDENCE;AUTO_CONFIRMED_WITH_ATTRIBUTES;semantic_primary_product
p8a5ogfpn16i;М'який балістичний пакет для РПС (кевлар + НВМПЕ) 1 Клас ДСТУ;load_bearing_rps;armor_soft;CHANGED_HIGH_CONFIDENCE;AUTO_CONFIRMED_WITH_ATTRIBUTES;semantic_primary_product
p8ey6dpum41t;Тактичний рюкзак Molle Assault 55л + (3 органайзери);bags_organizers;bags_assault;CHANGED_HIGH_CONFIDENCE;AUTO_CONFIRMED_WITH_ATTRIBUTES;semantic_primary_product
p8jiqd4yehwa;Рюкзак-сумка, чохол для снайперської гвинтівки M-WIN;bags_tactical;bags_backpacks;CHANGED_HIGH_CONFIDENCE;AUTO_CONFIRMED_WITH_ATTRIBUTES;semantic_primary_product
p8nnd7apn19y;Розвантажувальний пояс тактичний (РПС) з комплектом підсумків (5 шт);load_bearing_rps;load_bearing_belts;CHANGED_HIGH_CONFIDENCE;AUTO_CONFIRMED_WITH_ATTRIBUTES;semantic_primary_product
p8ts5ytyehwa;Розвантажувальний пояс РПС M-WIN GEN.2 під балістичний пакет;field_fasteners;load_bearing_belts;CHANGED_HIGH_CONFIDENCE;AUTO_CONFIRMED_WITH_ATTRIBUTES;semantic_primary_product
p8xpdhdqm3xo;Комплект захисту живота та паху Militex з балістичними пакетами 1 класу(, розмір);field_fasteners;armor_sets;CHANGED_HIGH_CONFIDENCE;AUTO_CONFIRMED_WITH_ATTRIBUTES;semantic_primary_product
p9b7ocxtm3xy;"Кріплення для наушників ""Чебурашки"" EARMOR (Ops core arc)";helmets_mounts;communications_accessories;CHANGED_HIGH_CONFIDENCE;AUTO_CONFIRMED_WITH_ATTRIBUTES;semantic_primary_product
p9dv5hj1n189;Панель під три магазини АК Warrior Spirit;pouches_magazines;pouches_panels;CHANGED_HIGH_CONFIDENCE;AUTO_CONFIRMED_WITH_ATTRIBUTES;semantic_primary_product
p9fsx9egehwa;Рюкзак-сумка під гранатомет МК-19 Кордура;bags_tactical;bags_backpacks;CHANGED_HIGH_CONFIDENCE;AUTO_CONFIRMED_WITH_ATTRIBUTES;semantic_primary_product
p9j57skyogrs;Тактичний костюм (сорочка + штани), мультикам;clothing_pants;clothing_costumes;CHANGED_HIGH_CONFIDENCE;AUTO_CONFIRMED_WITH_ATTRIBUTES;semantic_primary_product
p9lli6amm3sl;Активні навушники з універсальним кріпленням Walker's Razor Kryptek Original;communications_accessories;communications_headphones;CHANGED_HIGH_CONFIDENCE;AUTO_CONFIRMED_WITH_ATTRIBUTES;semantic_primary_product
p9q3uxgrm3tm;Балістичний захист 1 класу для плитоноски Militex Pro Series (M-L) 29,5*14,7 см камербанд, 1 шт;armor_carriers;armor_soft;CHANGED_HIGH_CONFIDENCE;AUTO_CONFIRMED_WITH_ATTRIBUTES;semantic_primary_product
p9suy4bdm3xu;Комплект шолом Mich PE + навушники EARMOR M32 PLUS з універсальним кріпленням;helmets_mounts;helmets_ballistic;CHANGED_HIGH_CONFIDENCE;AUTO_CONFIRMED_WITH_ATTRIBUTES;semantic_primary_product
p9tvgstmm400;Потрійний захист паху/напашник з балістичним захистом 2 клас Militex cordura USA;pouches_dangler;armor_soft;CHANGED_HIGH_CONFIDENCE;AUTO_CONFIRMED_WITH_ATTRIBUTES;semantic_primary_product
pa8ba36kogok;Костюм тактичний (аналог 5.11), куртка + штани, мультикам;clothing_pants;clothing_costumes;CHANGED_HIGH_CONFIDENCE;AUTO_CONFIRMED_WITH_ATTRIBUTES;semantic_primary_product
paagc4o3m3z3;Модуль живлення BanderaSolar 300L;power_solar;power_accessories;CHANGED_HIGH_CONFIDENCE;AUTO_CONFIRMED_WITH_ATTRIBUTES;semantic_primary_product
pae4bmwpm3wc;Захист живота (кишківник) Kiborg з балістичним пакетом 1 клас захисту Militex;field_fasteners;armor_soft;CHANGED_HIGH_CONFIDENCE;AUTO_CONFIRMED_WITH_ATTRIBUTES;semantic_primary_product
pak9tx77ehwa;Сумка для скидання магазинів M-WIN;camouflage_nets;pouches_dump;CHANGED_HIGH_CONFIDENCE;AUTO_CONFIRMED_WITH_ATTRIBUTES;semantic_primary_product
pamn54cvm3v0;Бронековдра KIBORG з балістичним захистом 2 класу від Militex у кольорі;armor_sets;armor_soft;CHANGED_HIGH_CONFIDENCE;AUTO_CONFIRMED_WITH_ATTRIBUTES;semantic_primary_product
pan82b6om3us;Бронежилет (L) Militex Modular X-1 (збільшена площа захисту) з балістичними пакетами,, 2 клас;field_fasteners;armor_vests;CHANGED_HIGH_CONFIDENCE;AUTO_CONFIRMED_WITH_ATTRIBUTES;semantic_primary_product
paqckvlrm3wb;Захист живота (кишківник) з балістичним пакетом 1 клас захисту Militex cordura USA;field_fasteners;armor_soft;CHANGED_HIGH_CONFIDENCE;AUTO_CONFIRMED_WITH_ATTRIBUTES;semantic_primary_product
pat2ubqinqb0;"Рюкзак ""ШТУРМ"" 20л ""ANTITERROR II"" (Cordura)";clothing_costumes;bags_assault;CHANGED_HIGH_CONFIDENCE;AUTO_CONFIRMED_WITH_ATTRIBUTES;semantic_primary_product
paxreg9mm3wa;Захисне низькопрофільне скло для ПНБ (від умамків та пилу) з різьбою 30мм;electronics_mounts;electronics_accessories;CHANGED_HIGH_CONFIDENCE;AUTO_CONFIRMED_WITH_ATTRIBUTES;semantic_primary_product
pb0zjafnm41d;Сумка-напашник Kiborg GU Cordura з NIR-просоченням;field_fasteners;pouches_dangler;CHANGED_HIGH_CONFIDENCE;AUTO_CONFIRMED_WITH_ATTRIBUTES;semantic_primary_product
pb5i1repn1ba;Тактичний ремінь-липучка Ragnarok;load_bearing_belts;clothing_belts;CHANGED_HIGH_CONFIDENCE;AUTO_CONFIRMED_WITH_ATTRIBUTES;semantic_primary_product
pb7aztzom3z3;Набір аксесуарів для PVS-14;electronics_mounts;electronics_accessories;CHANGED_HIGH_CONFIDENCE;AUTO_CONFIRMED_WITH_ATTRIBUTES;semantic_primary_product
pbd18fguehn9;Балістичний захист плечей 1 клас M-WIN Мультикам. Комплект 2 шт.;armor_sets;armor_soft;CHANGED_HIGH_CONFIDENCE;AUTO_CONFIRMED_WITH_ATTRIBUTES;semantic_primary_product
pbhit0kgm3ut;Бронежилет (M) Militex Modular X-1 (збільшена площа захисту) з балістичними пакетами,, 2 клас;field_fasteners;armor_vests;CHANGED_HIGH_CONFIDENCE;AUTO_CONFIRMED_WITH_ATTRIBUTES;semantic_primary_product
pbnbmgo8m405;Пояс РПС Militex R-3 GEN.2 з балістичним захистом 2 класу —;field_fasteners;load_bearing_belts;CHANGED_HIGH_CONFIDENCE;AUTO_CONFIRMED_WITH_ATTRIBUTES;semantic_primary_product
pbqdk8rjn19w;Ремінь тактичний Україна Розмір 120*3,5;load_bearing_belts;clothing_belts;CHANGED_HIGH_CONFIDENCE;AUTO_CONFIRMED_WITH_ATTRIBUTES;semantic_primary_product
pbwfj5b9m3sj;"Адаптер кріплення для навшуників ""чебурашки"" EARMOR M16C (R)";helmets_mounts;communications_accessories;CHANGED_HIGH_CONFIDENCE;AUTO_CONFIRMED_WITH_ATTRIBUTES;semantic_primary_product
pby12w4in19i;Портативний фільтр для очищення води Filterwell 0,1 мікрон;bags_hydration;field_other;CHANGED_HIGH_CONFIDENCE;AUTO_CONFIRMED_WITH_ATTRIBUTES;semantic_primary_product
pc8xcregm41d;Сумка-рюкзак Kiborg ЗСУ з IRR-просоченням;bags_tactical;bags_backpacks;CHANGED_HIGH_CONFIDENCE;AUTO_CONFIRMED_WITH_ATTRIBUTES;semantic_primary_product
pccw8249m3w9;Зарядний мульти пристрій універсальний для рацій Motorola серії DP4xxx, R7, R7a (6 осередків);communications_accessories;power_accessories;CHANGED_HIGH_CONFIDENCE;AUTO_CONFIRMED_WITH_ATTRIBUTES;semantic_primary_product
pcktsxbgogrs;Тактичний комбінезон Soft Shell;camouflage_nets;clothing_costumes;CHANGED_HIGH_CONFIDENCE;AUTO_CONFIRMED_WITH_ATTRIBUTES;semantic_primary_product
pckv60dsm3to;Балістичний захист 1 класу Militex для поясу РПС R-3 — S (84,6*17,7 см);load_bearing_rps;armor_soft;CHANGED_HIGH_CONFIDENCE;AUTO_CONFIRMED_WITH_ATTRIBUTES;semantic_primary_product
pcl38gbpehn9;Антимоскітна сітка на голову -WIN + підсумок-чохол в кольорі;clothing_headwear;field_hygiene;CHANGED_HIGH_CONFIDENCE;AUTO_CONFIRMED_WITH_ATTRIBUTES;semantic_primary_product
pcnzntnln14a;Додаткове кріплення на звуження прикладу;weapon_accessories_stocks;weapon_accessories_other;CHANGED_HIGH_CONFIDENCE;AUTO_CONFIRMED_WITH_ATTRIBUTES;semantic_primary_product
pcqk303xnqa9;"Анорак ""TRAVEL DEFENCE"" (Таслан + Мікрофліс)";clothing_fleece;clothing_jackets;CHANGED_HIGH_CONFIDENCE;AUTO_CONFIRMED_WITH_ATTRIBUTES;semantic_primary_product
pd3mwe34m3w5;Денна кришка для PVS-14 і PVS-7;electronics_mounts;electronics_accessories;CHANGED_HIGH_CONFIDENCE;AUTO_CONFIRMED_WITH_ATTRIBUTES;semantic_primary_product
pdaqbz68m3xs;Комплект протиударних подушок для шолома GEN.2;helmets_ballistic;helmets_suspension;CHANGED_HIGH_CONFIDENCE;SUPPLIER_MAPPING;unambiguous_supplier_mapping
pdhy31w3ehw6;Подушка M-WIN;field_sleeping;field_other;CHANGED_HIGH_CONFIDENCE;AUTO_CONFIRMED_WITH_ATTRIBUTES;semantic_primary_product
pdifd5k9ogqp;Рюкзак тактичний 25л із системою Моллі;bags_tactical;bags_backpacks;CHANGED_HIGH_CONFIDENCE;AUTO_CONFIRMED_WITH_ATTRIBUTES;semantic_primary_product
pdv8jy1nm41d;Сумка-напашник Militex Cordura original USA з NIR-просоченням;field_fasteners;pouches_dangler;CHANGED_HIGH_CONFIDENCE;AUTO_CONFIRMED_WITH_ATTRIBUTES;semantic_primary_product
pdwu7bxwnqaf;"Комплект ""TRAVEL DEFENCE"" 3 в 1 АНОРАК (Таслан + Мікрофліс)";clothing_fleece;clothing_jackets;CHANGED_HIGH_CONFIDENCE;AUTO_CONFIRMED_WITH_ATTRIBUTES;semantic_primary_product
pe14xyj8ogoh;Каркасний багатофункціональний рюкзак 80 літрів / мультикам;bags_tactical;bags_backpacks;CHANGED_HIGH_CONFIDENCE;AUTO_CONFIRMED_WITH_ATTRIBUTES;semantic_primary_product
pe16ovtwm3zj;Підсумок аптечка з швидким скиданням Militex Cordura original USA;pouches_dump;pouches_medical;CHANGED_HIGH_CONFIDENCE;AUTO_CONFIRMED_WITH_ATTRIBUTES;semantic_primary_product
pe1jk10sm40q;Сітка «Павутиння» 0,6 мм — 11 × 105 м вічко 100 мм;camouflage_antidrone;__CATEGORY_REVIEW__;INSUFFICIENT_DATA;INSUFFICIENT_DATA;insufficient_primary_product
pe6qk827m3y9;Лямки для ремінно-плечової системи (РПС) Militex | Cordura 1000D |;field_fasteners;load_bearing_shoulder;CHANGED_HIGH_CONFIDENCE;AUTO_CONFIRMED_WITH_ATTRIBUTES;semantic_primary_product
pea7uuj5m40q;Рюкзак тактичний з MOLLE Kiborg Cordura Squadron;bags_tactical;bags_backpacks;CHANGED_HIGH_CONFIDENCE;AUTO_CONFIRMED_WITH_ATTRIBUTES;semantic_primary_product
peh2210xn19w;Ремінь тактичний ЗСУ;load_bearing_belts;clothing_belts;CHANGED_HIGH_CONFIDENCE;AUTO_CONFIRMED_WITH_ATTRIBUTES;semantic_primary_product
peofeblwm3tm;Балістичний захист 1 класу для плитоноски Militex Pro Series (S-M) 25,5*14,3 см камербанд, 1 шт;armor_carriers;armor_soft;CHANGED_HIGH_CONFIDENCE;AUTO_CONFIRMED_WITH_ATTRIBUTES;semantic_primary_product
pepqtxqvm3tp;Балістичний захист 2 класу для плитоноски Militex Pro Series (S-M) 25,5*14,3 см камербанд, 1 шт;armor_carriers;armor_soft;CHANGED_HIGH_CONFIDENCE;AUTO_CONFIRMED_WITH_ATTRIBUTES;semantic_primary_product
peuk6sc9m41c;Сумка-напашник Kiborg GU з NIR-просоченням (Чорна);field_fasteners;pouches_dangler;CHANGED_HIGH_CONFIDENCE;AUTO_CONFIRMED_WITH_ATTRIBUTES;semantic_primary_product
pevd8eb7m40p;Рюкзак з MOLLE швидкоз'ємний;bags_tactical;bags_backpacks;CHANGED_HIGH_CONFIDENCE;AUTO_CONFIRMED_WITH_ATTRIBUTES;semantic_primary_product
pf0uoclrogpz;Майка військова бавовна;camouflage_nets;clothing_tshirts;CHANGED_HIGH_CONFIDENCE;AUTO_CONFIRMED_WITH_ATTRIBUTES;semantic_primary_product
pf237mf7m3xy;"Кріплення для активних наушників ""Чебурашки"" EARMOR";helmets_mounts;communications_accessories;CHANGED_HIGH_CONFIDENCE;AUTO_CONFIRMED_WITH_ATTRIBUTES;semantic_primary_product
pf2r32lqogq4;Панама камуфляжна НГУ;camouflage_nets;clothing_headwear;CHANGED_HIGH_CONFIDENCE;AUTO_CONFIRMED_WITH_ATTRIBUTES;semantic_primary_product
pf4cfwd1n19y;Розвантажувальний пояс тактичний (РПС) з комплектом підсумків (5 шт) Palianytsia Advanced;load_bearing_rps;load_bearing_belts;CHANGED_HIGH_CONFIDENCE;AUTO_CONFIRMED_WITH_ATTRIBUTES;semantic_primary_product
pfe7cfg9m3wg;Захист попереку з балістичним захистом 2 клас Kiborg;armor_sets;armor_soft;CHANGED_HIGH_CONFIDENCE;AUTO_CONFIRMED_WITH_ATTRIBUTES;semantic_primary_product
pfe7pag9m3z7;Набір Пояс РПС Kiborg R-1 GEN.2 + підсумки;load_bearing_rps;load_bearing_belts;CHANGED_HIGH_CONFIDENCE;AUTO_CONFIRMED_WITH_ATTRIBUTES;semantic_primary_product
pfjukqnyehwb;Сумка-напашник M-WIN Large LC;camouflage_nets;pouches_dangler;CHANGED_HIGH_CONFIDENCE;AUTO_CONFIRMED_WITH_ATTRIBUTES;semantic_primary_product
pfopk038m41b;Сумка-напашник Kiborg GU;field_fasteners;pouches_dangler;CHANGED_HIGH_CONFIDENCE;AUTO_CONFIRMED_WITH_ATTRIBUTES;semantic_primary_product
pftexz6jm3ss;Акумуляторна батарея 5000 mAh з USB-C для радіостанцій Motorola DP / XPR / XiR / APX;power_stations;power_batteries;CHANGED_HIGH_CONFIDENCE;AUTO_CONFIRMED_WITH_ATTRIBUTES;semantic_primary_product
pg2sadjnm3wk;Захист шиї mod. 1 Kiborg з балістичним захистом 2 клас Militex;armor_sets;armor_soft;CHANGED_HIGH_CONFIDENCE;AUTO_CONFIRMED_WITH_ATTRIBUTES;semantic_primary_product
pge104e6m3zt;Плитоноска Kiborg GU Gen.2 рожева з системою MOLLE, бронежилет під плити;armor_vests;armor_carriers;CHANGED_HIGH_CONFIDENCE;AUTO_CONFIRMED_WITH_ATTRIBUTES;semantic_primary_product
pgi1gkxvehwa;Рюкзак-сумка для 8–10 FPV дронів BigNest M-WIN;bags_tactical;bags_backpacks;CHANGED_HIGH_CONFIDENCE;AUTO_CONFIRMED_WITH_ATTRIBUTES;semantic_primary_product
pgoaw8e8oguk;Шапка-балаклава мультикам;camouflage_nets;clothing_balaclavas;CHANGED_HIGH_CONFIDENCE;AUTO_CONFIRMED_WITH_ATTRIBUTES;semantic_primary_product
pgtoltvsehn9;Балістичний захист плечей 1 клас M-WIN Піксель. Комплект 2 шт.;armor_sets;armor_soft;CHANGED_HIGH_CONFIDENCE;AUTO_CONFIRMED_WITH_ATTRIBUTES;semantic_primary_product
pgu6f654n162;Кріплення-адаптер для навушників на шолом 19-21мм, затискний;helmets_mounts;communications_accessories;CHANGED_HIGH_CONFIDENCE;AUTO_CONFIRMED_WITH_ATTRIBUTES;semantic_primary_product
phbvvl8nm401;Пояс для РПС GEN.2 Kiborg R-1 з IRR-покриттям;load_bearing_rps;load_bearing_belts;CHANGED_HIGH_CONFIDENCE;AUTO_CONFIRMED_WITH_ATTRIBUTES;semantic_primary_product
phm6zxdcm3xp;Комплект захисту живота та паху Militex з балістичними пакетами 2 класу(, розмір);field_fasteners;armor_sets;CHANGED_HIGH_CONFIDENCE;AUTO_CONFIRMED_WITH_ATTRIBUTES;semantic_primary_product
pi40qomam3wk;Захист шиї mod. 1 з балістичним захистом 2 клас Militex cordura USA;armor_sets;armor_soft;CHANGED_HIGH_CONFIDENCE;AUTO_CONFIRMED_WITH_ATTRIBUTES;semantic_primary_product
pi5d25nwm3wi;Захист попереку Gen.2 з балістичним захистом 2 класу Militex Cordura original USA;field_fasteners;armor_soft;CHANGED_HIGH_CONFIDENCE;AUTO_CONFIRMED_WITH_ATTRIBUTES;semantic_primary_product
pi6dixrwm41x;Тактичні навушники EARMOR M32 з універсальним кріпленням Чорні;communications_accessories;communications_headphones;CHANGED_HIGH_CONFIDENCE;AUTO_CONFIRMED_WITH_ATTRIBUTES;semantic_primary_product
pi74v6vum3wf;Захист плечей з балістичним пакетом 1 клас захисту Militex cordura USA;armor_sets;armor_soft;CHANGED_HIGH_CONFIDENCE;AUTO_CONFIRMED_WITH_ATTRIBUTES;semantic_primary_product
pibzj03gn1ab;Рюкзак добовий із клапаном для шолома Warrior Spirit;bags_tactical;bags_backpacks;CHANGED_HIGH_CONFIDENCE;AUTO_CONFIRMED_WITH_ATTRIBUTES;semantic_primary_product
piksnyyam401;Потрійний захист паху/напашник Kiborg з балістичним захистом 2 клас Militex;pouches_dangler;armor_soft;CHANGED_HIGH_CONFIDENCE;AUTO_CONFIRMED_WITH_ATTRIBUTES;semantic_primary_product
piu7wdolehn9;Антимоскітна сітка для головних уборів M-WIN;clothing_headwear;field_hygiene;CHANGED_HIGH_CONFIDENCE;AUTO_CONFIRMED_WITH_ATTRIBUTES;semantic_primary_product
pj5tcnvgm3wc;Захист живота Gen.2 з балістичним захистом 2 класу Militex Cordura original USA;field_fasteners;armor_soft;CHANGED_HIGH_CONFIDENCE;AUTO_CONFIRMED_WITH_ATTRIBUTES;semantic_primary_product
pjn6bv77ogqq;Рюкзак тактичний 35л із системою Моллі;bags_tactical;bags_backpacks;CHANGED_HIGH_CONFIDENCE;AUTO_CONFIRMED_WITH_ATTRIBUTES;semantic_primary_product
pk56dsbvm3wi;Захист попереку Kiborg з балістичним захистом 2 клас Militex;armor_sets;armor_soft;CHANGED_HIGH_CONFIDENCE;AUTO_CONFIRMED_WITH_ATTRIBUTES;semantic_primary_product
pkabjbnhm3xi;Комлпект Шолом FAST PE + навушники EARMOR M32 PLUS + кавер мультикам та кріплення чебурашки;helmets_covers;helmets_ballistic;CHANGED_HIGH_CONFIDENCE;AUTO_CONFIRMED_WITH_ATTRIBUTES;semantic_primary_product
pkjal9gam3zd;Основа Кікімора, розмір 7×60 м, вічко 20×20 мм, нитка 0,9 мм;camouflage_antidrone;__CATEGORY_REVIEW__;INSUFFICIENT_DATA;INSUFFICIENT_DATA;insufficient_primary_product
pklxutpdm417;Сумка-напашник з балістичним захистом 1 класу Militex XL Cordura original USA;field_fasteners;pouches_dangler;CHANGED_HIGH_CONFIDENCE;AUTO_CONFIRMED_WITH_ATTRIBUTES;semantic_primary_product
pkpy6749m3sl;Активні Навушники Earmor M32X PLUS з мікрофоном (2 види кріплень);communications_accessories;communications_headphones;CHANGED_HIGH_CONFIDENCE;AUTO_CONFIRMED_WITH_ATTRIBUTES;semantic_primary_product
pks0maz3ogrn;Тактична футболка з коротким рукавом, убакс / мультикам;clothing_combat_shirts;clothing_tshirts;CHANGED_HIGH_CONFIDENCE;AUTO_CONFIRMED_WITH_ATTRIBUTES;semantic_primary_product
pl1t850um3vd;Відкидний чохол-тримач під смартфон / холдер для телефону;field_other;field_fasteners;CHANGED_HIGH_CONFIDENCE;AUTO_CONFIRMED_WITH_ATTRIBUTES;semantic_primary_product
pl3bxmt8m40y;Сумка для захисту паху MILITEX з балістичним пакетом 1 класу;field_fasteners;armor_accessories;CHANGED_HIGH_CONFIDENCE;AUTO_CONFIRMED_WITH_ATTRIBUTES;semantic_primary_product
pl76dyp0m3y9;Лямки для ремінно-плечової системи (РПС) Kiborg;field_fasteners;load_bearing_shoulder;CHANGED_HIGH_CONFIDENCE;AUTO_CONFIRMED_WITH_ATTRIBUTES;semantic_primary_product
ple6sjhnm42t;Чохол для екшн-камери RunCam Helmet Camera 4K (2 шт у комплекті,);electronics_cameras;electronics_accessories;CHANGED_HIGH_CONFIDENCE;AUTO_CONFIRMED_WITH_ATTRIBUTES;semantic_primary_product
plgm9sjbm404;Пояс РПС Militex R-3 GEN.2 з балістичним захистом 1 класу —;field_fasteners;load_bearing_belts;CHANGED_HIGH_CONFIDENCE;AUTO_CONFIRMED_WITH_ATTRIBUTES;semantic_primary_product
plizwsr5m3zn;Підсумок під 1 магазин Militex cordura USA;field_fasteners;pouches_magazines;CHANGED_HIGH_CONFIDENCE;AUTO_CONFIRMED_WITH_ATTRIBUTES;semantic_primary_product
plj8wp1sm3z2;Мережевий зарядний пристрій 220 В для радіостанцій Motorola DP / XPR / APX / R7;communications_accessories;power_accessories;CHANGED_HIGH_CONFIDENCE;AUTO_CONFIRMED_WITH_ATTRIBUTES;semantic_primary_product
pljf1tbdm41c;Сумка-напашник Kiborg GU з NIR-просоченням;field_fasteners;pouches_dangler;CHANGED_HIGH_CONFIDENCE;AUTO_CONFIRMED_WITH_ATTRIBUTES;semantic_primary_product
plswbdnim41b;Сумка-напашник Kiborg з балістичним пакетом 1 клас захисту Militex GU Сordura;armor_sets;pouches_dangler;CHANGED_HIGH_CONFIDENCE;AUTO_CONFIRMED_WITH_ATTRIBUTES;semantic_primary_product
plta37wcm3zl;Підсумок нерозсипайка (27*20*10 см) Kiborg;field_fasteners;pouches_dump;CHANGED_HIGH_CONFIDENCE;AUTO_CONFIRMED_WITH_ATTRIBUTES;semantic_primary_product
plw6q6vrm3xi;Комплект (захист живота + сумка) Militex Cordura original USA розмір;field_fasteners;armor_soft;CHANGED_HIGH_CONFIDENCE;AUTO_CONFIRMED_WITH_ATTRIBUTES;semantic_primary_product
plzx1qgaogob;Зимова тактична жилетка, безрукавка на флісі та синтепоні;clothing_fleece;clothing_vests;CHANGED_HIGH_CONFIDENCE;AUTO_CONFIRMED_WITH_ATTRIBUTES;semantic_primary_product
pm1m15ruogq7;Підсумок под аптечку;pouches_ifak;pouches_medical;CHANGED_HIGH_CONFIDENCE;AUTO_CONFIRMED_WITH_ATTRIBUTES;semantic_primary_product
pma95hirehwd;Утилітарний підсумок M-WIN;camouflage_nets;pouches_utility;CHANGED_HIGH_CONFIDENCE;AUTO_CONFIRMED_WITH_ATTRIBUTES;semantic_primary_product
pmiocojhehwd;Тактичні окуляри зі змінним склом. 3 лінзи.;helmets_ballistic;eye_protection_glasses;CHANGED_HIGH_CONFIDENCE;AUTO_CONFIRMED_WITH_ATTRIBUTES;semantic_primary_product
pmxy7xoqm3zr;Підсумок/противага на шолом з грузиками (270 г);helmets_ballistic;pouches_other;CHANGED_HIGH_CONFIDENCE;AUTO_CONFIRMED_WITH_ATTRIBUTES;semantic_primary_product
pn6xqq73m406;Ремені плечові (лямки) для пояса РПС;field_fasteners;load_bearing_shoulder;CHANGED_HIGH_CONFIDENCE;AUTO_CONFIRMED_WITH_ATTRIBUTES;semantic_primary_product
pne6tqe7m3zr;Підсумок-аптечка (швидкий скид) Kiborg GU Cordura;pouches_ifak;pouches_medical;CHANGED_HIGH_CONFIDENCE;AUTO_CONFIRMED_WITH_ATTRIBUTES;semantic_primary_product
pnf9fj4zm3zo;Підсумок під захист живота Militex з Cordura original USA;field_fasteners;armor_accessories;CHANGED_HIGH_CONFIDENCE;AUTO_CONFIRMED_WITH_ATTRIBUTES;semantic_primary_product
pngfuqs3m3wg;Захист плечей Kiborg з балістичним захистом 2 клас Militex;armor_sets;armor_soft;CHANGED_HIGH_CONFIDENCE;AUTO_CONFIRMED_WITH_ATTRIBUTES;semantic_primary_product
pnio620wogo6;Бушлат зимовий, ріп-стоп;camouflage_nets;clothing_jackets;CHANGED_HIGH_CONFIDENCE;AUTO_CONFIRMED_WITH_ATTRIBUTES;semantic_primary_product
pnn8l3vom3uo;Бойовий комплект спецпризначення чорні (Штурмові штани зі стрейч-ефектом та Ubacs);clothing_combat_shirts;clothing_costumes;CHANGED_HIGH_CONFIDENCE;AUTO_CONFIRMED_WITH_ATTRIBUTES;semantic_primary_product
pntl59w1nqai;"Комплект мілітарі ""TRAVEL DEFENCE"" 2 в 1 (Таслан + Мікрофліс)";clothing_fleece;clothing_costumes;CHANGED_HIGH_CONFIDENCE;SUPPLIER_MAPPING;unambiguous_supplier_mapping
po07h5nmogqz;Тактична бейсболка, кепка;camouflage_nets;clothing_headwear;CHANGED_HIGH_CONFIDENCE;AUTO_CONFIRMED_WITH_ATTRIBUTES;semantic_primary_product
po13pxwbn152;Каремат-сидіння EGear;field_mats;field_seats;CHANGED_HIGH_CONFIDENCE;AUTO_CONFIRMED_WITH_ATTRIBUTES;semantic_primary_product
po3xsozxm407;Ремінно-плечова система Kiborg R-2 з IRR покриттям;load_bearing_shoulder;load_bearing_rps;CHANGED_HIGH_CONFIDENCE;AUTO_CONFIRMED_WITH_ATTRIBUTES;semantic_primary_product
po5kjbifm41r;Тактичний костюм Tactical Flex Pro FS (4WStretch) (куртка та штани);clothing_pants;clothing_costumes;CHANGED_HIGH_CONFIDENCE;AUTO_CONFIRMED_WITH_ATTRIBUTES;semantic_primary_product
po8am11kn15c;Компактний перманентний маркер для турнікету Rhino Rescue;medical_tourniquets;medical_other;CHANGED_HIGH_CONFIDENCE;AUTO_CONFIRMED_WITH_ATTRIBUTES;semantic_primary_product
poc8lk4tehnb;Балістичний захист шиї / Горжет 2 клас M-WIN;armor_sets;armor_soft;CHANGED_HIGH_CONFIDENCE;AUTO_CONFIRMED_WITH_ATTRIBUTES;semantic_primary_product
poc9mbelm3wi;Захист попереку Gen.2 з балістичним захистом 1 класу Militex Cordura original USA;field_fasteners;armor_soft;CHANGED_HIGH_CONFIDENCE;AUTO_CONFIRMED_WITH_ATTRIBUTES;semantic_primary_product
pocqefsnm3tq;Балістичний захист 2 класу Militex для поясу РПС R-3 — L (102*20,6 см);load_bearing_rps;armor_soft;CHANGED_HIGH_CONFIDENCE;AUTO_CONFIRMED_WITH_ATTRIBUTES;semantic_primary_product
pody8b2fm400;Посилений підсумок Kiborg GU Single Mag Pouch;field_fasteners;pouches_magazines;CHANGED_HIGH_CONFIDENCE;AUTO_CONFIRMED_WITH_ATTRIBUTES;semantic_primary_product
pofkawtdehw6;Плечові лямки для тактичних поясів РПС M-WIN;field_fasteners;load_bearing_shoulder;CHANGED_HIGH_CONFIDENCE;AUTO_CONFIRMED_WITH_ATTRIBUTES;semantic_primary_product
pohn6txbm3zg;Перехідник блок живлення для заряджання телефона від fpv батареї 2 USB + 1 TYPE - C виходи Kiborg;power_stations;power_cables;CHANGED_HIGH_CONFIDENCE;AUTO_CONFIRMED_WITH_ATTRIBUTES;semantic_primary_product
poi130ztnqae;"Кітель польовий ""VOЇN"" (Rip-Stop)";clothing_costumes;clothing_combat_shirts;CHANGED_HIGH_CONFIDENCE;AUTO_CONFIRMED_WITH_ATTRIBUTES;semantic_primary_product
poo609igm41s;Тактичний маскхалат Oxford Вологозахисний костюм (куртка + штани) для польових умов;clothing_pants;clothing_costumes;CHANGED_HIGH_CONFIDENCE;AUTO_CONFIRMED_WITH_ATTRIBUTES;semantic_primary_product
poogclygn16f;Ліхтарик ручний тактичний Bailong BL-P512M-P90;lighting_handheld;lighting_tactical;CHANGED_HIGH_CONFIDENCE;AUTO_CONFIRMED_WITH_ATTRIBUTES;semantic_primary_product
poosp4wtm3wk;Захист попереку Kiborg GEN.2 + балістичний захист 2 класу Militex;field_fasteners;armor_soft;CHANGED_HIGH_CONFIDENCE;AUTO_CONFIRMED_WITH_ATTRIBUTES;semantic_primary_product
pope25dhm3zl;Підсумок нерозсипайка (27*20*10 см) Militex Cordura original USA;field_fasteners;pouches_dump;CHANGED_HIGH_CONFIDENCE;AUTO_CONFIRMED_WITH_ATTRIBUTES;semantic_primary_product
poqp79cxm41r;Тактичний кітель Rip-Stop з посиленими ліктями та велкро-панелями;clothing_costumes;clothing_combat_shirts;CHANGED_HIGH_CONFIDENCE;AUTO_CONFIRMED_WITH_ATTRIBUTES;semantic_primary_product
pp0b4cjbnqb3;"Сумка-рюкзак армійський 80л. ""Кочівник"" (Cordura)";bags_tactical;bags_backpacks;CHANGED_HIGH_CONFIDENCE;AUTO_CONFIRMED_WITH_ATTRIBUTES;semantic_primary_product
pp0b9zm0m41c;Сумка-напашник Kiborg GU Cordura;field_fasteners;pouches_dangler;CHANGED_HIGH_CONFIDENCE;AUTO_CONFIRMED_WITH_ATTRIBUTES;semantic_primary_product
pp1mpfbsehw4;Підсумок під аптечку швидкоскид M-WIN;camouflage_nets;pouches_medical;CHANGED_HIGH_CONFIDENCE;AUTO_CONFIRMED_WITH_ATTRIBUTES;semantic_primary_product
pp1rtzdsm3wd;Захист паху (напашник-фартух) Kiborg з балістичним захистом Militex 2 клас;armor_sets;armor_soft;CHANGED_HIGH_CONFIDENCE;AUTO_CONFIRMED_WITH_ATTRIBUTES;semantic_primary_product
pp46fdglm3xk;Комплект (захист живота Kiborg + балістичний захист2 класу Militex) GEN.2;field_fasteners;armor_soft;CHANGED_HIGH_CONFIDENCE;AUTO_CONFIRMED_WITH_ATTRIBUTES;semantic_primary_product
pp4nw7uxm3we;Захист паху (напашник-фартух) Kiborg з балістичним пакетом (Militex) 1 клас захисту;armor_sets;armor_soft;CHANGED_HIGH_CONFIDENCE;AUTO_CONFIRMED_WITH_ATTRIBUTES;semantic_primary_product
pp6lgiebm3x4;Зимовий маскувальний костюм Kiborg;clothing_costumes;camouflage_suits;CHANGED_HIGH_CONFIDENCE;AUTO_CONFIRMED_WITH_ATTRIBUTES;semantic_primary_product
ppbzy0p7nqaj;"Комплект мілітарі Костюм ""VOЇN"" + Термобілизна";clothing_thermal;clothing_costumes;CHANGED_HIGH_CONFIDENCE;AUTO_CONFIRMED_WITH_ATTRIBUTES;semantic_primary_product
ppdweyy4m3uo;Бойовий комплект спецпризначення (Штурмові штани зі стрейч-ефектом та Ubacs);clothing_combat_shirts;clothing_costumes;CHANGED_HIGH_CONFIDENCE;AUTO_CONFIRMED_WITH_ATTRIBUTES;semantic_primary_product
ppf72qexm3xd;Карта пам'яті SanDisk Extreme PRO microSDXC 128 ГБ UHS-I U3 + SD-адаптер;electronics_mounts;electronics_memory;CHANGED_HIGH_CONFIDENCE;AUTO_CONFIRMED_WITH_ATTRIBUTES;semantic_primary_product
pphvpy92m3tp;Балістичний захист 2 класу для плитоноски Militex Pro Series (M-L) 29,5*14,7 см камербанд, 1 шт;armor_carriers;armor_soft;CHANGED_HIGH_CONFIDENCE;AUTO_CONFIRMED_WITH_ATTRIBUTES;semantic_primary_product
ppk9b956m41d;Сумка-напашник M Kiborg з балістичним пакетом 2 клас захисту PE Militex GU Сordura;armor_sets;pouches_dangler;CHANGED_HIGH_CONFIDENCE;AUTO_CONFIRMED_WITH_ATTRIBUTES;semantic_primary_product
ppkakhqjm3zt;Плитоноска Kiborg Gen.2 з бронеплитами та балістичним захистом;armor_plates;armor_carriers;CHANGED_HIGH_CONFIDENCE;AUTO_CONFIRMED_WITH_ATTRIBUTES;semantic_primary_product
ppx735nwm3xq;Комплект обвісу для шоломів з болтами;helmets_ballistic;helmets_accessories;CHANGED_HIGH_CONFIDENCE;AUTO_CONFIRMED_WITH_ATTRIBUTES;semantic_primary_product
pq09jjv3m3zl;Підсумок закритого типу для турнікету;field_fasteners;pouches_tourniquets;CHANGED_HIGH_CONFIDENCE;AUTO_CONFIRMED_WITH_ATTRIBUTES;semantic_primary_product
pq3f2sorm41s;Тактичний пояс РПС Kiborg R-3 GEN.2 з балістичним захистом 1 класу;field_fasteners;load_bearing_belts;CHANGED_HIGH_CONFIDENCE;AUTO_CONFIRMED_WITH_ATTRIBUTES;semantic_primary_product
pqdlsa4kogqg;Реглан, лонгслів;camouflage_nets;clothing_tshirts;CHANGED_HIGH_CONFIDENCE;AUTO_CONFIRMED_WITH_ATTRIBUTES;semantic_primary_product
pqi56gzmm3wf;Захист паху Kiborg (напашник-фартух) з балістичним пакетом (Militex) 1 клас захисту;armor_sets;armor_soft;CHANGED_HIGH_CONFIDENCE;AUTO_CONFIRMED_WITH_ATTRIBUTES;semantic_primary_product
pqkhpiwen18p;Підсумок нагрудний Warrior Spirit;pouches_phone;pouches_other;CHANGED_HIGH_CONFIDENCE;AUTO_CONFIRMED_WITH_ATTRIBUTES;semantic_primary_product
pqphzsipehn9;Антимоскітна сітка на голову M-WIN + підсумок-чохол в кольорі;clothing_headwear;field_hygiene;CHANGED_HIGH_CONFIDENCE;AUTO_CONFIRMED_WITH_ATTRIBUTES;semantic_primary_product
pqt6tpdxn136;Балістичний пакет BP192x155(140) Клас1 (Напашник);pouches_dangler;armor_soft;CHANGED_HIGH_CONFIDENCE;AUTO_CONFIRMED_WITH_ATTRIBUTES;semantic_primary_product
pqw6v7dsogqb;Плитоноска, розвантажувальний жилет ISIK на 4 точки скидання, 7 підсумків;camouflage_nets;armor_carriers;CHANGED_HIGH_CONFIDENCE;AUTO_CONFIRMED_WITH_ATTRIBUTES;semantic_primary_product
pr1mtu2qnqah;"Комплект зимовий ВВЗ ""RAPTOR-III"" (мембрана + синтепон + Фліс)";clothing_fleece;clothing_costumes;CHANGED_HIGH_CONFIDENCE;SUPPLIER_MAPPING;unambiguous_supplier_mapping
pr3f7exyn12n;Адаптер кріплення для стрілецьких навушників “чебурашка”;helmets_mounts;communications_accessories;CHANGED_HIGH_CONFIDENCE;AUTO_CONFIRMED_WITH_ATTRIBUTES;semantic_primary_product
pr4ef6gtm3we;Захист паху (напашник) потрійний з балістичним пакетом 1 клас захисту Militex cordura USA;field_fasteners;armor_soft;CHANGED_HIGH_CONFIDENCE;AUTO_CONFIRMED_WITH_ATTRIBUTES;semantic_primary_product
pr9risgmm3we;Захист паху (напашник) потрійний Kiborg з балістичним пакетом 1 клас захисту Militex;field_fasteners;armor_soft;CHANGED_HIGH_CONFIDENCE;AUTO_CONFIRMED_WITH_ATTRIBUTES;semantic_primary_product
prda5tegm3xy;Кріплення для смартфона MOLLE, відкидний холдер;field_other;field_fasteners;CHANGED_HIGH_CONFIDENCE;AUTO_CONFIRMED_WITH_ATTRIBUTES;semantic_primary_product
prhzpiacn18q;Підсумок під 6 магазінів АК/РПК потрійний ЗСУ MM-14 (MOLLE, підсумок на розгрузку, жилет, РПС);clothing_vests;pouches_magazines;CHANGED_HIGH_CONFIDENCE;AUTO_CONFIRMED_WITH_ATTRIBUTES;semantic_primary_product
prm1xfrim3xo;"Комплект захисних кришечок ""бікіні"" для бінокуляра";electronics_mounts;electronics_accessories;CHANGED_HIGH_CONFIDENCE;AUTO_CONFIRMED_WITH_ATTRIBUTES;semantic_primary_product
prpqbl6nm3wj;Захист попереку Kiborg з балістичним пакетом 2 класу Militex;armor_sets;armor_soft;CHANGED_HIGH_CONFIDENCE;AUTO_CONFIRMED_WITH_ATTRIBUTES;semantic_primary_product
prwudlqxn1c6;"Фартух ""RAGNAROK"" з балістичним пакетом 1 клас ДСТУ";armor_sets;armor_soft;CHANGED_HIGH_CONFIDENCE;AUTO_CONFIRMED_WITH_ATTRIBUTES;semantic_primary_product
przrtwchehw5;Підсумок під планшет з діагоналлю 6-11 дюймів M-WIN;pouches_other;pouches_phone;CHANGED_HIGH_CONFIDENCE;AUTO_CONFIRMED_WITH_ATTRIBUTES;semantic_primary_product
ps10gfy3m40x;Стробоскопічний маркер (маячок) Hel-Star 6 GEN III (R) для шолому;helmets_ballistic;helmets_accessories;CHANGED_HIGH_CONFIDENCE;AUTO_CONFIRMED_WITH_ATTRIBUTES;semantic_primary_product
ps4vpkwln17q;Ножиці тактичні медичні;tools_knives;medical_shears;CHANGED_HIGH_CONFIDENCE;AUTO_CONFIRMED_WITH_ATTRIBUTES;semantic_primary_product
ps78qvsem3wd;Захист живота/кишківника з балістичним захистом 2 клас Militex Cordura USA;armor_sets;armor_soft;CHANGED_HIGH_CONFIDENCE;AUTO_CONFIRMED_WITH_ATTRIBUTES;semantic_primary_product
psgj05icogoj;Костюм маскувальний сітка мультикам;clothing_costumes;camouflage_suits;CHANGED_HIGH_CONFIDENCE;AUTO_CONFIRMED_WITH_ATTRIBUTES;semantic_primary_product
pspwkd43m40p;Рюкзак з Molle 40л;bags_tactical;bags_backpacks;CHANGED_HIGH_CONFIDENCE;AUTO_CONFIRMED_WITH_ATTRIBUTES;semantic_primary_product
psrtcie9ehn9;Балістичний захист плечей 2 клас M-WIN Мультикам. Комплект 2 шт.;armor_sets;armor_soft;CHANGED_HIGH_CONFIDENCE;AUTO_CONFIRMED_WITH_ATTRIBUTES;semantic_primary_product
psuh2t9lm42f;Утеплений зимовий костюм (куртка + штани) —;clothing_jackets;clothing_costumes;CHANGED_HIGH_CONFIDENCE;AUTO_CONFIRMED_WITH_ATTRIBUTES;semantic_primary_product
psw91zd6m3xc;Каремат-сидушка Kiborg з балістичним пакетом 1 клас захисту Militex 20mm Cordura;armor_sets;field_seats;CHANGED_HIGH_CONFIDENCE;AUTO_CONFIRMED_WITH_ATTRIBUTES;semantic_primary_product
psxp5lovehvi;Маскувальний тактичний шарф-арафатка M-WIN 220х100 см;clothing_headwear;clothing_balaclavas;CHANGED_HIGH_CONFIDENCE;AUTO_CONFIRMED_WITH_ATTRIBUTES;semantic_primary_product
pt0y2d8dehnh;Ліхтар на шолом тактичний.;helmets_ballistic;lighting_tactical;CHANGED_HIGH_CONFIDENCE;AUTO_CONFIRMED_WITH_ATTRIBUTES;semantic_primary_product
pt0yb7scm3xr;Комплект Плитонока Kiborg GU Gen.2 з двома підсумками та захистом 1 класу;field_fasteners;armor_carriers;CHANGED_HIGH_CONFIDENCE;AUTO_CONFIRMED_WITH_ATTRIBUTES;semantic_primary_product
pt43ab0om3wg;Захист попереку з балістичним пакетом 1 клас захисту Kiborg;field_fasteners;armor_soft;CHANGED_HIGH_CONFIDENCE;AUTO_CONFIRMED_WITH_ATTRIBUTES;semantic_primary_product
pt74dnfcm3xt;Комплект сумка-напашник M + балістичним захистом 2 класу Cordura original USA Militex;field_fasteners;pouches_dangler;CHANGED_HIGH_CONFIDENCE;AUTO_CONFIRMED_WITH_ATTRIBUTES;semantic_primary_product
ptf10j8qm41s;Тактичний пояс РПС Kiborg R-3 GEN.2 з балістичним захистом 2 класу;field_fasteners;load_bearing_belts;CHANGED_HIGH_CONFIDENCE;AUTO_CONFIRMED_WITH_ATTRIBUTES;semantic_primary_product
ptgbvtdzehw5;Підсумок під рацію M-WIN;camouflage_nets;pouches_radios;CHANGED_HIGH_CONFIDENCE;AUTO_CONFIRMED_WITH_ATTRIBUTES;semantic_primary_product
pthrmn9qm41a;Сумка-напашник з балістичних захистом 2 клас Militex XL Cordura original USA;field_fasteners;pouches_dangler;CHANGED_HIGH_CONFIDENCE;AUTO_CONFIRMED_WITH_ATTRIBUTES;semantic_primary_product
ptlka32tm3wj;Захист попереку Kiborg з балістичним пакетом Militex 1 клас захисту GEN.2;armor_sets;armor_soft;CHANGED_HIGH_CONFIDENCE;AUTO_CONFIRMED_WITH_ATTRIBUTES;semantic_primary_product
ptq0rnsoehw9;Розвантажувальний пояс РПС M-WIN GEN.2 з балістичним пакетом 1 класу;load_bearing_rps;load_bearing_belts;CHANGED_HIGH_CONFIDENCE;AUTO_CONFIRMED_WITH_ATTRIBUTES;semantic_primary_product
ptwclyz4nqag;"Комплект ""TRAVEL DEFENCE"" АНОРАК 2 в 1 (Таслан + Мікрофліс)";clothing_fleece;clothing_jackets;CHANGED_HIGH_CONFIDENCE;AUTO_CONFIRMED_WITH_ATTRIBUTES;semantic_primary_product
ptx6va1zogqq;Рюкзак Molle 45 л / мультикам;bags_tactical;bags_backpacks;CHANGED_HIGH_CONFIDENCE;AUTO_CONFIRMED_WITH_ATTRIBUTES;semantic_primary_product
ptz6dzp7m40n;Рюкзак 70л (35*68*21см);field_fasteners;bags_backpacks;CHANGED_HIGH_CONFIDENCE;AUTO_CONFIRMED_WITH_ATTRIBUTES;semantic_primary_product
pu3pby2mm3tr;Балістичний захист 2 класу Militex для поясу РПС R-3 — S (84,6*17,7 см);load_bearing_rps;armor_soft;CHANGED_HIGH_CONFIDENCE;AUTO_CONFIRMED_WITH_ATTRIBUTES;semantic_primary_product
pu5cjn80n149;Додаткове кріплення з QD антабкою;weapon_accessories_slings;weapon_accessories_other;CHANGED_HIGH_CONFIDENCE;AUTO_CONFIRMED_WITH_ATTRIBUTES;semantic_primary_product
puh3cdmxehw4;Підсумок під магазин АК з жорсткими бортами одинарний M-WIN;camouflage_nets;pouches_magazines;CHANGED_HIGH_CONFIDENCE;AUTO_CONFIRMED_WITH_ATTRIBUTES;semantic_primary_product
pul19mrgm404;Пояс РПС Militex R-3 GEN.2 з балістичним захистом 1 класу;field_fasteners;load_bearing_belts;CHANGED_HIGH_CONFIDENCE;AUTO_CONFIRMED_WITH_ATTRIBUTES;semantic_primary_product
pum1ifz7m40o;Рюкзак для РПГ-7;bags_tactical;bags_backpacks;CHANGED_HIGH_CONFIDENCE;AUTO_CONFIRMED_WITH_ATTRIBUTES;semantic_primary_product
puo4x57ym40m;Ручка-сошка переносу вогню Key-Arma Picatinny/M-Lok Polymer (KEY-406);weapon_accessories_grips;weapon_accessories_bipods;CHANGED_HIGH_CONFIDENCE;AUTO_CONFIRMED_WITH_ATTRIBUTES;semantic_primary_product
pur9uxfsm41a;Сумка-напашник з балістичним пакетом 1 клас захисту Kiborg GU Сordura Dark;armor_sets;pouches_dangler;CHANGED_HIGH_CONFIDENCE;AUTO_CONFIRMED_WITH_ATTRIBUTES;semantic_primary_product
puysxiecm40n;Рюкзак 40л Oxford 600D;bags_tactical;bags_backpacks;CHANGED_HIGH_CONFIDENCE;AUTO_CONFIRMED_WITH_ATTRIBUTES;semantic_primary_product
pv5gdj0behne;Збройовий ремінь двоточка M-WIN;field_fasteners;weapon_accessories_slings;CHANGED_HIGH_CONFIDENCE;AUTO_CONFIRMED_WITH_ATTRIBUTES;semantic_primary_product
pvn4i0m8m3wf;Захист паху Militex (напашник-фартух) з балістичним пакетом 1 клас захисту cordura USA;armor_sets;armor_soft;CHANGED_HIGH_CONFIDENCE;AUTO_CONFIRMED_WITH_ATTRIBUTES;semantic_primary_product
pvp2hbjzogqj;Ремінь розвантажувальний / мультикам;clothing_belts;load_bearing_belts;CHANGED_HIGH_CONFIDENCE;AUTO_CONFIRMED_WITH_ATTRIBUTES;semantic_primary_product
pvpbwafvogol;Костюм тактичний убакс/ штани;clothing_combat_shirts;clothing_costumes;CHANGED_HIGH_CONFIDENCE;AUTO_CONFIRMED_WITH_ATTRIBUTES;semantic_primary_product
pvrkyrhbm3ux;Бронежилет Kiborg Modular X-1 з балістичним захистом Militex (2 клас);field_fasteners;armor_vests;CHANGED_HIGH_CONFIDENCE;AUTO_CONFIRMED_WITH_ATTRIBUTES;semantic_primary_product
pvs83ykkm40m;Ручка-біпод переносу вогню з сошками Key-Arma Picatinny Polymer (KEY-404);weapon_accessories_grips;weapon_accessories_bipods;CHANGED_HIGH_CONFIDENCE;AUTO_CONFIRMED_WITH_ATTRIBUTES;semantic_primary_product
pw27z2ydm401;Пояс для розвантаження РПС Kiborg R-3 GEN.2 —;load_bearing_rps;load_bearing_belts;CHANGED_HIGH_CONFIDENCE;AUTO_CONFIRMED_WITH_ATTRIBUTES;semantic_primary_product
pw3fiu34ogrh;Тактична сорочка;camouflage_nets;clothing_combat_shirts;CHANGED_HIGH_CONFIDENCE;AUTO_CONFIRMED_WITH_ATTRIBUTES;semantic_primary_product
pw3o02jtnqb4;Теплий Комплект Шапка + Баф (Фліс);clothing_balaclavas;clothing_headwear;CHANGED_HIGH_CONFIDENCE;AUTO_CONFIRMED_WITH_ATTRIBUTES;semantic_primary_product
pw9nsjr2m403;Пояс РПС Militex R-3 GEN.2 | Cordura 1000D USA |;field_fasteners;load_bearing_belts;CHANGED_HIGH_CONFIDENCE;AUTO_CONFIRMED_WITH_ATTRIBUTES;semantic_primary_product
pwcqvzf3m40a;Розвантажувальний пояс РПС Kiborg R-1 GEN.2 (2 клас захисту Militex);field_fasteners;load_bearing_belts;CHANGED_HIGH_CONFIDENCE;AUTO_CONFIRMED_WITH_ATTRIBUTES;semantic_primary_product
pwgqzwdim3xw;Костюм (штани+убакс);clothing_combat_shirts;clothing_costumes;CHANGED_HIGH_CONFIDENCE;AUTO_CONFIRMED_WITH_ATTRIBUTES;semantic_primary_product
pwhh5xl0m404;Пояс РПС Militex R-3 GEN.2 з балістичним захистом 2 класу;field_fasteners;load_bearing_belts;CHANGED_HIGH_CONFIDENCE;AUTO_CONFIRMED_WITH_ATTRIBUTES;semantic_primary_product
pwhuw54gm3wl;Захист шиї mod. 1 Kiborg з балістичним пакетом Militex;armor_sets;armor_soft;CHANGED_HIGH_CONFIDENCE;AUTO_CONFIRMED_WITH_ATTRIBUTES;semantic_primary_product
pwlc1wp5m41e;Сумка-рюкзак Militex ЗСУ Cordura original USA;bags_tactical;bags_backpacks;CHANGED_HIGH_CONFIDENCE;AUTO_CONFIRMED_WITH_ATTRIBUTES;semantic_primary_product
pwscjg3kogog;Каркасний багатофункціональний рюкзак 80 літрів;bags_tactical;bags_backpacks;CHANGED_HIGH_CONFIDENCE;AUTO_CONFIRMED_WITH_ATTRIBUTES;semantic_primary_product
pwyklaspm40n;Рюкзак “Kiborg Pro” 70L (35*68*21см);field_fasteners;bags_backpacks;CHANGED_HIGH_CONFIDENCE;AUTO_CONFIRMED_WITH_ATTRIBUTES;semantic_primary_product
px002n7vogqb;Подсумок для планшета;pouches_other;pouches_phone;CHANGED_HIGH_CONFIDENCE;AUTO_CONFIRMED_WITH_ATTRIBUTES;semantic_primary_product
px0fjn9fehwc;Тактичний пояс РПС з лямками M-WIN;field_fasteners;load_bearing_belts;CHANGED_HIGH_CONFIDENCE;AUTO_CONFIRMED_WITH_ATTRIBUTES;semantic_primary_product
px3m4yo2m3zu;Повний Комплект Шолом з Кавером Навушниками Чебурашками Ліхтариком Каска;helmets_covers;helmets_ballistic;CHANGED_HIGH_CONFIDENCE;AUTO_CONFIRMED_WITH_ATTRIBUTES;semantic_primary_product
px6ahvh5ehwb;Сумка-напашник з балістичним пакетом 1 класу M-WIN Large LC;field_fasteners;pouches_dangler;CHANGED_HIGH_CONFIDENCE;AUTO_CONFIRMED_WITH_ATTRIBUTES;semantic_primary_product
pxmipnisehnh;Кріплення під телефон на плитоноску.;armor_carriers;field_fasteners;CHANGED_HIGH_CONFIDENCE;AUTO_CONFIRMED_WITH_ATTRIBUTES;semantic_primary_product
py70u3bxehw9;Розвантажувальний пояс РПС M-WIN GEN.2 з балістичним пакетом 2 класу;field_fasteners;load_bearing_belts;CHANGED_HIGH_CONFIDENCE;AUTO_CONFIRMED_WITH_ATTRIBUTES;semantic_primary_product
pypdjdcvn19z;Розвантажувальний пояс тактичний (РПС) з комплектом підсумків (5 шт) Palianytsia Advanced ЗСУ MM-14;load_bearing_rps;load_bearing_belts;CHANGED_HIGH_CONFIDENCE;AUTO_CONFIRMED_WITH_ATTRIBUTES;semantic_primary_product
pywvwcrhn197;Підсумок тактичний для гігієни (несесер) WS;pouches_utility;pouches_other;CHANGED_HIGH_CONFIDENCE;AUTO_CONFIRMED_WITH_ATTRIBUTES;semantic_primary_product
pz0ni222ogoh;Кепка з кокардою;camouflage_nets;clothing_headwear;CHANGED_HIGH_CONFIDENCE;AUTO_CONFIRMED_WITH_ATTRIBUTES;semantic_primary_product
pz1qeivem418;Сумка-напашник з балістичним пакетом 1 клас захисту Kiborg GU Сordura;armor_sets;pouches_dangler;CHANGED_HIGH_CONFIDENCE;AUTO_CONFIRMED_WITH_ATTRIBUTES;semantic_primary_product
pza4kaaum401;Пояс для РПС GEN.2 Kiborg R-1 с IRR-покриттям;load_bearing_rps;load_bearing_belts;CHANGED_HIGH_CONFIDENCE;AUTO_CONFIRMED_WITH_ATTRIBUTES;semantic_primary_product
pzkv84qtehng;Камербанд на стропах моллі з балістичним пакетом 150х200 2 класу (Комплект 2 шт.);field_fasteners;armor_accessories;CHANGED_HIGH_CONFIDENCE;AUTO_CONFIRMED_WITH_ATTRIBUTES;semantic_primary_product
pznze7h4m40o;Рюкзак з MOLLE;bags_tactical;bags_backpacks;CHANGED_HIGH_CONFIDENCE;AUTO_CONFIRMED_WITH_ATTRIBUTES;semantic_primary_product
pzz4uwxjn1dj;USB LED лампа;lighting_accessories;lighting_handheld;CHANGED_HIGH_CONFIDENCE;AUTO_CONFIRMED_WITH_ATTRIBUTES;semantic_primary_product
