old_url;new_url;http_status;filters
/catalog/odiah-ta-forma/aksesuary-odiahu;/catalog/odiah-ta-forma;301;[]
/catalog/odiah-ta-forma/aksesuary-odiahu/holovni-ubory;/catalog/odiah-ta-forma;301;[]
/catalog/odiah-ta-forma/aksesuary-odiahu/taktychni-rukavychky;/catalog/odiah-ta-forma/taktychni-rukavychky;301;[]
/catalog/odiah-ta-forma/zhinochyi-odiah;/catalog/odiah-ta-forma?attrs=%5B%22%D0%A1%D1%82%D0%B0%D1%82%D1%8C%5Cu0001%D0%96%D1%96%D0%BD%D0%BE%D1%87%D0%B0%22%5D;301;"{""Стать"": ""Жіноча""}"
/catalog/odiah-ta-forma/zhinochyi-odiah/taktychni-shtany;/catalog/odiah-ta-forma/shtany?attrs=%5B%22%D0%A1%D1%82%D0%B0%D1%82%D1%8C%5Cu0001%D0%96%D1%96%D0%BD%D0%BE%D1%87%D0%B0%22%5D;301;"{""Стать"": ""Жіноча""}"
/catalog/odiah-ta-forma/zhinochyi-odiah/ubaksy-ta-boiovi-sorochky;/catalog/odiah-ta-forma/ubaksy-ta-boiovi-sorochky?attrs=%5B%22%D0%A1%D1%82%D0%B0%D1%82%D1%8C%5Cu0001%D0%96%D1%96%D0%BD%D0%BE%D1%87%D0%B0%22%5D;301;"{""Стать"": ""Жіноча""}"
/catalog/odiah-ta-forma/cholovichyi-odiah;/catalog/odiah-ta-forma?attrs=%5B%22%D0%A1%D1%82%D0%B0%D1%82%D1%8C%5Cu0001%D0%A7%D0%BE%D0%BB%D0%BE%D0%B2%D1%96%D1%87%D0%B0%22%5D;301;"{""Стать"": ""Чоловіча""}"
/catalog/odiah-ta-forma/cholovichyi-odiah/kurtky-ta-vitrovky;/catalog/odiah-ta-forma?attrs=%5B%22%D0%A1%D1%82%D0%B0%D1%82%D1%8C%5Cu0001%D0%A7%D0%BE%D0%BB%D0%BE%D0%B2%D1%96%D1%87%D0%B0%22%5D;301;"{""Стать"": ""Чоловіча""}"
/catalog/odiah-ta-forma/cholovichyi-odiah/taktychni-shorty;/catalog/odiah-ta-forma/shorty?attrs=%5B%22%D0%A1%D1%82%D0%B0%D1%82%D1%8C%5Cu0001%D0%A7%D0%BE%D0%BB%D0%BE%D0%B2%D1%96%D1%87%D0%B0%22%5D;301;"{""Стать"": ""Чоловіча""}"
/catalog/odiah-ta-forma/cholovichyi-odiah/taktychni-shtany;/catalog/odiah-ta-forma?attrs=%5B%22%D0%A1%D1%82%D0%B0%D1%82%D1%8C%5Cu0001%D0%A7%D0%BE%D0%BB%D0%BE%D0%B2%D1%96%D1%87%D0%B0%22%5D;301;"{""Стать"": ""Чоловіча""}"
/catalog/odiah-ta-forma/cholovichyi-odiah/termobilyzna;/catalog/odiah-ta-forma/termobilyzna?attrs=%5B%22%D0%A1%D1%82%D0%B0%D1%82%D1%8C%5Cu0001%D0%A7%D0%BE%D0%BB%D0%BE%D0%B2%D1%96%D1%87%D0%B0%22%5D;301;"{""Стать"": ""Чоловіча""}"
/catalog/odiah-ta-forma/cholovichyi-odiah/ubaksy-ta-boiovi-sorochky;/catalog/odiah-ta-forma/ubaksy-ta-boiovi-sorochky?attrs=%5B%22%D0%A1%D1%82%D0%B0%D1%82%D1%8C%5Cu0001%D0%A7%D0%BE%D0%BB%D0%BE%D0%B2%D1%96%D1%87%D0%B0%22%5D;301;"{""Стать"": ""Чоловіча""}"
/catalog/odiah-ta-forma/cholovichyi-odiah/flis-kofty-ta-khudi;/catalog/odiah-ta-forma?attrs=%5B%22%D0%A1%D1%82%D0%B0%D1%82%D1%8C%5Cu0001%D0%A7%D0%BE%D0%BB%D0%BE%D0%B2%D1%96%D1%87%D0%B0%22%5D;301;"{""Стать"": ""Чоловіча""}"
/catalog/odiah-ta-forma/cholovichyi-odiah/formeni-komplekty-ta-kostiumy;/catalog/odiah-ta-forma?attrs=%5B%22%D0%A1%D1%82%D0%B0%D1%82%D1%8C%5Cu0001%D0%A7%D0%BE%D0%BB%D0%BE%D0%B2%D1%96%D1%87%D0%B0%22%5D;301;"{""Стать"": ""Чоловіча""}"
/catalog/odiah-ta-forma/cholovichyi-odiah/futbolky-ta-polo;/catalog/odiah-ta-forma?attrs=%5B%22%D0%A1%D1%82%D0%B0%D1%82%D1%8C%5Cu0001%D0%A7%D0%BE%D0%BB%D0%BE%D0%B2%D1%96%D1%87%D0%B0%22%5D;301;"{""Стать"": ""Чоловіча""}"
/catalog/odiah-ta-forma/cholovichyi-odiah/svetry-ta-holfy;/catalog/odiah-ta-forma/svetry-ta-holfy?attrs=%5B%22%D0%A1%D1%82%D0%B0%D1%82%D1%8C%5Cu0001%D0%A7%D0%BE%D0%BB%D0%BE%D0%B2%D1%96%D1%87%D0%B0%22%5D;301;"{""Стать"": ""Чоловіча""}"
/catalog/odiah-ta-forma/cholovichyi-odiah/inshyi-formenyi-odiah;/catalog/odiah-ta-forma/taktychni-kostiumy?attrs=%5B%22%D0%A1%D1%82%D0%B0%D1%82%D1%8C%5Cu0001%D0%A7%D0%BE%D0%BB%D0%BE%D0%B2%D1%96%D1%87%D0%B0%22%5D;301;"{""Стать"": ""Чоловіча""}"
/catalog/vzuttia/taktychne-vzuttia;/catalog/vzuttia;301;[]
/catalog/vzuttia/taktychne-vzuttia/vzuttia;/catalog/vzuttia;301;[]
/catalog/vzuttia/taktychne-vzuttia/bertsi;/catalog/vzuttia;301;[]
/catalog/vzuttia/shkarpetky-ta-aksesuary;/catalog/vzuttia/shkarpetky;301;[]
/catalog/vzuttia/shkarpetky-ta-aksesuary/taktychni-shkarpetky;/catalog/vzuttia/shkarpetky;301;[]
/catalog/bronezakhyst/bronezhylety/bronezhylety;/catalog/bronezakhyst;301;[]
/catalog/bronezakhyst/bronekomplekty;/catalog/bronezakhyst/komplekty-bronezakhystu;301;[]
/catalog/bronezakhyst/bronekomplekty/1-klas-zakhystu;/catalog/bronezakhyst?attrs=%5B%22%D0%9A%D0%BB%D0%B0%D1%81+%D0%B7%D0%B0%D1%85%D0%B8%D1%81%D1%82%D1%83%5Cu00011%22%5D;301;"{""Клас захисту"": ""1""}"
/catalog/bronezakhyst/bronekomplekty/2-klas-zakhystu;/catalog/bronezakhyst?attrs=%5B%22%D0%9A%D0%BB%D0%B0%D1%81+%D0%B7%D0%B0%D1%85%D0%B8%D1%81%D1%82%D1%83%5Cu00012%22%5D;301;"{""Клас захисту"": ""2""}"
/catalog/bronezakhyst/broneplyty/broneplyty;/catalog/bronezakhyst/broneplyty;301;[]
/catalog/bronezakhyst/miaki-balistychni-pakety;/catalog/bronezakhyst/m-iaki-balistychni-pakety;301;[]
/catalog/bronezakhyst/miaki-balistychni-pakety/1-klas-zakhystu;/catalog/bronezakhyst/m-iaki-balistychni-pakety?attrs=%5B%22%D0%9A%D0%BB%D0%B0%D1%81+%D0%B7%D0%B0%D1%85%D0%B8%D1%81%D1%82%D1%83%5Cu00011%22%5D;301;"{""Клас захисту"": ""1""}"
/catalog/bronezakhyst/miaki-balistychni-pakety/2-klas-zakhystu;/catalog/bronezakhyst?attrs=%5B%22%D0%9A%D0%BB%D0%B0%D1%81+%D0%B7%D0%B0%D1%85%D0%B8%D1%81%D1%82%D1%83%5Cu00012%22%5D;301;"{""Клас захисту"": ""2""}"
/catalog/bronezakhyst/plytonosky/komplekty-plytonosok;/catalog/bronezakhyst;301;[]
/catalog/bronezakhyst/plytonosky/plytonosky;/catalog/bronezakhyst;301;[]
/catalog/sholomy-ta-zakhyst-holovy/aksesuary;/catalog/sholomy-ta-zakhyst-holovy/aksesuary-dlia-sholomiv;301;[]
/catalog/sholomy-ta-zakhyst-holovy/aksesuary/inshi-aksesuary;/catalog/sholomy-ta-zakhyst-holovy/balistychni-sholomy;301;[]
/catalog/sholomy-ta-zakhyst-holovy/aksesuary/kavery-na-sholomy;/catalog/sholomy-ta-zakhyst-holovy/kavery;301;[]
/catalog/sholomy-ta-zakhyst-holovy/aksesuary/kriplennia-dlia-navushnykiv;/catalog/sholomy-ta-zakhyst-holovy/kriplennia;301;[]
/catalog/sholomy-ta-zakhyst-holovy/aksesuary/pidvisni-systemy-ta-podushky;/catalog/sholomy-ta-zakhyst-holovy;301;[]
/catalog/sholomy-ta-zakhyst-holovy/sholomy;/catalog/sholomy-ta-zakhyst-holovy;301;[]
/catalog/sholomy-ta-zakhyst-holovy/sholomy/fast;/catalog/sholomy-ta-zakhyst-holovy?attrs=%5B%22%D0%A4%D0%BE%D1%80%D0%BC-%D1%84%D0%B0%D0%BA%D1%82%D0%BE%D1%80%5Cu0001FAST%22%5D;301;"{""Форм-фактор"": ""FAST""}"
/catalog/sholomy-ta-zakhyst-holovy/sholomy/mich;/catalog/sholomy-ta-zakhyst-holovy/balistychni-sholomy?attrs=%5B%22%D0%A4%D0%BE%D1%80%D0%BC-%D1%84%D0%B0%D0%BA%D1%82%D0%BE%D1%80%5Cu0001MICH%22%5D;301;"{""Форм-фактор"": ""MICH""}"
/catalog/sholomy-ta-zakhyst-holovy/sholomy/komplekty-sholomiv;/catalog/sholomy-ta-zakhyst-holovy;301;[]
/catalog/taktychnyi-zviazok-ta-slukh;/catalog/taktychnyi-zv-iazok-ta-slukh;301;[]
/catalog/taktychnyi-zviazok-ta-slukh/aktyvni-navushnyky;/catalog/taktychnyi-zv-iazok-ta-slukh;301;[]
/catalog/taktychnyi-zviazok-ta-slukh/aktyvni-navushnyky/earmor;/catalog/taktychnyi-zv-iazok-ta-slukh/aktyvni-navushnyky?attrs=%5B%22%D0%91%D1%80%D0%B5%D0%BD%D0%B4%5Cu0001EARMOR%22%5D;301;"{""Бренд"": ""EARMOR""}"
/catalog/taktychnyi-zviazok-ta-slukh/aktyvni-navushnyky/walkers;/catalog/taktychnyi-zv-iazok-ta-slukh/aktyvni-navushnyky?attrs=%5B%22%D0%91%D1%80%D0%B5%D0%BD%D0%B4%5Cu0001Walker%27s%22%5D;301;"{""Бренд"": ""Walker's""}"
/catalog/taktychnyi-zviazok-ta-slukh/radiozviazok;/catalog/taktychnyi-zv-iazok-ta-slukh/ratsii;301;[]
/catalog/taktychnyi-zviazok-ta-slukh/radiozviazok/aksesuary-dlia-ratsii;/catalog/taktychnyi-zv-iazok-ta-slukh/aksesuary-dlia-ratsii;301;[]
/catalog/riukzaky-sumky-ta-bauly/riukzaky;/catalog/riukzaky-sumky-ta-bauly;301;[]
/catalog/riukzaky-sumky-ta-bauly/riukzaky/hidratory-ta-riukzaky-hidratory;/catalog/riukzaky-sumky-ta-bauly/hidratory;301;[]
/catalog/riukzaky-sumky-ta-bauly/riukzaky/taktychni-riukzaky;/catalog/riukzaky-sumky-ta-bauly;301;[]
/catalog/riukzaky-sumky-ta-bauly/riukzaky/shturmovi-riukzaky;/catalog/riukzaky-sumky-ta-bauly/shturmovi-riukzaky;301;[]
/catalog/riukzaky-sumky-ta-bauly/sumky;/catalog/riukzaky-sumky-ta-bauly;301;[]
/catalog/riukzaky-sumky-ta-bauly/sumky/bauly-ta-transportni-sumky;/catalog/riukzaky-sumky-ta-bauly;301;[]
/catalog/riukzaky-sumky-ta-bauly/sumky/sumky-dlia-sholomiv;/catalog/riukzaky-sumky-ta-bauly/taktychni-sumky;301;[]
/catalog/riukzaky-sumky-ta-bauly/sumky/cherez-pleche-ta-bananky;/catalog/riukzaky-sumky-ta-bauly;301;[]
/catalog/pidsumky/boiovi-pidsumky;/catalog/pidsumky;301;[]
/catalog/pidsumky/boiovi-pidsumky/dlia-hranat;/catalog/pidsumky/dlia-hranat;301;[]
/catalog/pidsumky/boiovi-pidsumky/dlia-mahazyniv;/catalog/pidsumky/dlia-mahazyniv;301;[]
/catalog/pidsumky/boiovi-pidsumky/skydannia-mahazyniv;/catalog/pidsumky/skydannia-mahazyniv;301;[]
/catalog/pidsumky/medychni-pidsumky;/catalog/pidsumky/medychni-ifak;301;[]
/catalog/pidsumky/medychni-pidsumky/aptechky-ifak;/catalog/pidsumky;301;[]
/catalog/pidsumky/medychni-pidsumky/dlia-turniketu;/catalog/pidsumky/dlia-turniketiv;301;[]
/catalog/pidsumky/nahrudni-ta-napashni;/catalog/pidsumky/napashni-sumky;301;[]
/catalog/pidsumky/nahrudni-ta-napashni/napashni-sumky;/catalog/pidsumky/napashni-sumky;301;[]
/catalog/pidsumky/paneli-ta-platformy/paneli-dlia-plytonosok;/catalog/pidsumky/dlia-mahazyniv;301;[]
/catalog/pidsumky/spetsialni-pidsumky;/catalog/pidsumky;301;[]
/catalog/pidsumky/spetsialni-pidsumky/dlia-navushnykiv;/catalog/pidsumky/inshi-pidsumky;301;[]
/catalog/pidsumky/spetsialni-pidsumky/dlia-ratsii;/catalog/pidsumky/dlia-ratsii;301;[]
/catalog/pidsumky/utylitarni/utylitarni-pidsumky;/catalog/pidsumky;301;[]
/catalog/pidsumky/utylitarni/molle-orhanaizery;/catalog/pidsumky/utylitarni;301;[]
/catalog/rps-ta-rozvantazhennia/komplekty;/catalog/rps-ta-rozvantazhennia;301;[]
/catalog/rps-ta-rozvantazhennia/komplekty/komplekty-rps;/catalog/rps-ta-rozvantazhennia/rps;301;[]
/catalog/rps-ta-rozvantazhennia/komponenty;/catalog/rps-ta-rozvantazhennia/komponenty-ta-aksesuary;301;[]
/catalog/rps-ta-rozvantazhennia/komponenty/poiasy;/catalog/rps-ta-rozvantazhennia/rps;301;[]
/catalog/rps-ta-rozvantazhennia/systemy;/catalog/rps-ta-rozvantazhennia/rozvantazhuvalni-systemy;301;[]
/catalog/rps-ta-rozvantazhennia/systemy/reminno-plechovi-systemy;/catalog/rps-ta-rozvantazhennia;301;[]
/catalog/zakhyst-kolin-ta-liktiv/komplekty/nakolinnyky-nalokitnyky;/catalog/zakhyst-kolin-ta-liktiv/komplekty;301;[]
/catalog/zakhyst-kolin-ta-liktiv/nakolinnyky/nakolinnyky;/catalog/zakhyst-kolin-ta-liktiv;301;[]
/catalog/zakhyst-kolin-ta-liktiv/nalokitnyky/nalokitnyky;/catalog/zakhyst-kolin-ta-liktiv/nalokitnyky;301;[]
/catalog/taktychna-medytsyna/krovospynni-zasoby;/catalog/taktychna-medytsyna;301;[]
/catalog/taktychna-medytsyna/krovospynni-zasoby/turnikety-dzhhuty-ta-hemostatyky;/catalog/taktychna-medytsyna;301;[]
/catalog/maskuvannia/antydronovi-sitky/dlia-dorih-i-tekhniky;/catalog/maskuvannia/antydronovi-sitky;301;[]
/catalog/maskuvannia/maskuvalni-sitky-militex;/catalog/maskuvannia/maskuvalni-sitky?attrs=%5B%22%D0%91%D1%80%D0%B5%D0%BD%D0%B4%5Cu0001Militex%22%5D;301;"{""Бренд"": ""Militex""}"
/catalog/maskuvannia/maskuvalni-sitky-militex/alpiiska-kliaksa;/catalog/maskuvannia/maskuvalni-sitky?attrs=%5B%22%D0%91%D1%80%D0%B5%D0%BD%D0%B4%5Cu0001Militex%22%2C%22%D0%9A%D0%B0%D0%BC%D1%83%D1%84%D0%BB%D1%8F%D0%B6%5Cu0001%D0%90%D0%BB%D1%8C%D0%BF%D1%96%D0%B9%D1%81%D1%8C%D0%BA%D0%B0+%D0%BA%D0%BB%D1%8F%D0%BA%D1%81%D0%B0%22%5D;301;"{""Бренд"": ""Militex"", ""Камуфляж"": ""Альпійська клякса""}"
/catalog/maskuvannia/maskuvalni-sitky-militex/dubove-lystia;/catalog/maskuvannia/maskuvalni-sitky?attrs=%5B%22%D0%91%D1%80%D0%B5%D0%BD%D0%B4%5Cu0001Militex%22%2C%22%D0%9A%D0%B0%D0%BC%D1%83%D1%84%D0%BB%D1%8F%D0%B6%5Cu0001%D0%94%D1%83%D0%B1%D0%BE%D0%B2%D0%B5+%D0%BB%D0%B8%D1%81%D1%82%D1%8F%22%5D;301;"{""Бренд"": ""Militex"", ""Камуфляж"": ""Дубове листя""}"
/catalog/maskuvannia/maskuvalni-sitky-militex/z-osnovoiu-zymovyi-multykam;/catalog/maskuvannia/maskuvalni-sitky?attrs=%5B%22%D0%A1%D0%B5%D0%B7%D0%BE%D0%BD%5Cu0001%D0%97%D0%B8%D0%BC%D0%B0%22%2C%22%D0%91%D1%80%D0%B5%D0%BD%D0%B4%5Cu0001Militex%22%2C%22%D0%9A%D0%B0%D0%BC%D1%83%D1%84%D0%BB%D1%8F%D0%B6%5Cu0001%D0%B7%D0%B8%D0%BC%D0%BE%D0%B2%D0%B8%D0%B9+%D0%BC%D1%83%D0%BB%D1%8C%D1%82%D0%B8%D0%BA%D0%B0%D0%BC%22%2C%22%D0%9E%D1%81%D0%BD%D0%BE%D0%B2%D0%B0+%D1%81%D1%96%D1%82%D0%BA%D0%B8%5Cu0001%D0%97+%D0%BE%D1%81%D0%BD%D0%BE%D0%B2%D0%BE%D1%8E%22%5D;301;"{""Сезон"": ""Зима"", ""Бренд"": ""Militex"", ""Камуфляж"": ""зимовий мультикам"", ""Основа сітки"": ""З основою""}"
/catalog/maskuvannia/maskuvalni-sitky-militex/z-osnovoiu-multykam;/catalog/maskuvannia/maskuvalni-sitky?attrs=%5B%22%D0%91%D1%80%D0%B5%D0%BD%D0%B4%5Cu0001Militex%22%2C%22%D0%9A%D0%B0%D0%BC%D1%83%D1%84%D0%BB%D1%8F%D0%B6%5Cu0001%D0%BC%D1%83%D0%BB%D1%8C%D1%82%D0%B8%D0%BA%D0%B0%D0%BC%22%2C%22%D0%9E%D1%81%D0%BD%D0%BE%D0%B2%D0%B0+%D1%81%D1%96%D1%82%D0%BA%D0%B8%5Cu0001%D0%97+%D0%BE%D1%81%D0%BD%D0%BE%D0%B2%D0%BE%D1%8E%22%5D;301;"{""Бренд"": ""Militex"", ""Камуфляж"": ""мультикам"", ""Основа сітки"": ""З основою""}"
/catalog/maskuvannia/maskuvalni-sitky-militex/zymovyi-multykam;/catalog/maskuvannia/maskuvalni-sitky?attrs=%5B%22%D0%A1%D0%B5%D0%B7%D0%BE%D0%BD%5Cu0001%D0%97%D0%B8%D0%BC%D0%B0%22%2C%22%D0%91%D1%80%D0%B5%D0%BD%D0%B4%5Cu0001Militex%22%2C%22%D0%9A%D0%B0%D0%BC%D1%83%D1%84%D0%BB%D1%8F%D0%B6%5Cu0001%D0%97%D0%B8%D0%BC%D0%BE%D0%B2%D0%B8%D0%B9+%D0%BC%D1%83%D0%BB%D1%8C%D1%82%D0%B8%D0%BA%D0%B0%D0%BC%22%5D;301;"{""Сезон"": ""Зима"", ""Бренд"": ""Militex"", ""Камуфляж"": ""Зимовий мультикам""}"
/catalog/maskuvannia/maskuvalni-sitky-militex/kamufliazh;/catalog/maskuvannia/maskuvalni-sitky?attrs=%5B%22%D0%91%D1%80%D0%B5%D0%BD%D0%B4%5Cu0001Militex%22%2C%22%D0%9A%D0%B0%D0%BC%D1%83%D1%84%D0%BB%D1%8F%D0%B6%5Cu0001%D0%9A%D0%B0%D0%BC%D1%83%D1%84%D0%BB%D1%8F%D0%B6%22%5D;301;"{""Бренд"": ""Militex"", ""Камуфляж"": ""Камуфляж""}"
/catalog/maskuvannia/maskuvalni-sitky-militex/lystia-osin;/catalog/maskuvannia/maskuvalni-sitky?attrs=%5B%22%D0%91%D1%80%D0%B5%D0%BD%D0%B4%5Cu0001Militex%22%2C%22%D0%9A%D0%B0%D0%BC%D1%83%D1%84%D0%BB%D1%8F%D0%B6%5Cu0001%D0%9B%D0%B8%D1%81%D1%82%D1%8F+%D0%BE%D1%81%D1%96%D0%BD%D1%8C%22%5D;301;"{""Бренд"": ""Militex"", ""Камуфляж"": ""Листя осінь""}"
/catalog/maskuvannia/maskuvalni-sitky-militex/multykam;/catalog/maskuvannia/maskuvalni-sitky?attrs=%5B%22%D0%91%D1%80%D0%B5%D0%BD%D0%B4%5Cu0001Militex%22%2C%22%D0%9A%D0%B0%D0%BC%D1%83%D1%84%D0%BB%D1%8F%D0%B6%5Cu0001%D0%9C%D1%83%D0%BB%D1%8C%D1%82%D0%B8%D0%BA%D0%B0%D0%BC%22%5D;301;"{""Бренд"": ""Militex"", ""Камуфляж"": ""Мультикам""}"
/catalog/maskuvannia/maskuvalni-sitky-militex/multykam-brud;/catalog/maskuvannia/maskuvalni-sitky?attrs=%5B%22%D0%91%D1%80%D0%B5%D0%BD%D0%B4%5Cu0001Militex%22%2C%22%D0%9A%D0%B0%D0%BC%D1%83%D1%84%D0%BB%D1%8F%D0%B6%5Cu0001%D0%9C%D1%83%D0%BB%D1%8C%D1%82%D0%B8%D0%BA%D0%B0%D0%BC+%D0%B1%D1%80%D1%83%D0%B4%22%5D;301;"{""Бренд"": ""Militex"", ""Камуфляж"": ""Мультикам бруд""}"
/catalog/maskuvannia/maskuvalni-sitky-militex/piksel;/catalog/maskuvannia/maskuvalni-sitky?attrs=%5B%22%D0%91%D1%80%D0%B5%D0%BD%D0%B4%5Cu0001Militex%22%2C%22%D0%9A%D0%B0%D0%BC%D1%83%D1%84%D0%BB%D1%8F%D0%B6%5Cu0001%D0%9F%D1%96%D0%BA%D1%81%D0%B5%D0%BB%D1%8C%22%5D;301;"{""Бренд"": ""Militex"", ""Камуфляж"": ""Піксель""}"
/catalog/turyzm-ta-polove-sporiadzhennia/inshe;/catalog/turyzm-ta-polove-sporiadzhennia;301;[]
/catalog/turyzm-ta-polove-sporiadzhennia/inshe/polove-sporiadzhennia;/catalog/turyzm-ta-polove-sporiadzhennia/inshe-polove-sporiadzhennia;301;[]
/catalog/turyzm-ta-polove-sporiadzhennia/karematy-ta-sydushky;/catalog/turyzm-ta-polove-sporiadzhennia/karematy;301;[]
/catalog/turyzm-ta-polove-sporiadzhennia/karematy-ta-sydushky/rozkladni-karematy;/catalog/turyzm-ta-polove-sporiadzhennia/karematy;301;[]
/catalog/turyzm-ta-polove-sporiadzhennia/karematy-ta-sydushky/taktychni-sydushky;/catalog/turyzm-ta-polove-sporiadzhennia;301;[]
/catalog/turyzm-ta-polove-sporiadzhennia/karematy-ta-sydushky/turystychni-karematy;/catalog/turyzm-ta-polove-sporiadzhennia;301;[]
/catalog/turyzm-ta-polove-sporiadzhennia/son;/catalog/turyzm-ta-polove-sporiadzhennia;301;[]
/catalog/turyzm-ta-polove-sporiadzhennia/son/spalni-mishky;/catalog/turyzm-ta-polove-sporiadzhennia;301;[]
/catalog/elektronika-ta-sposterezhennia/ekshn-kamery/ekshn-kamery;/catalog/elektronika-ta-sposterezhennia/ekshn-kamery;301;[]
/catalog/elektronika-ta-sposterezhennia/kriplennia/dlia-pnb-ta-teplovizoriv;/catalog/elektronika-ta-sposterezhennia/kriplennia;301;[]
/catalog/osvitlennia/likhtari-ta-aksesuary;/catalog/osvitlennia/aksesuary-ta-kriplennia;301;[]
/catalog/osvitlennia/likhtari-ta-aksesuary/likhtari-ta-aksesuary;/catalog/osvitlennia;301;[]
/catalog/avtonomne-zhyvlennia/aksesuary;/catalog/avtonomne-zhyvlennia/aksesuary-zhyvlennia;301;[]
/catalog/avtonomne-zhyvlennia/aksesuary/aksesuary-zhyvlennia;/catalog/avtonomne-zhyvlennia;301;[]
/catalog/avtonomne-zhyvlennia/zariadni-stantsii/portatyvni-zariadni-stantsii;/catalog/avtonomne-zhyvlennia/zariadni-stantsii;301;[]
/catalog/avtonomne-zhyvlennia/soniachna-enerhiia;/catalog/avtonomne-zhyvlennia;301;[]
/catalog/avtonomne-zhyvlennia/soniachna-enerhiia/soniachni-paneli;/catalog/avtonomne-zhyvlennia/soniachni-paneli;301;[]
/catalog/zbroiovi-aksesuary/inshe;/catalog/zbroiovi-aksesuary;301;[]
/catalog/zbroiovi-aksesuary/inshe/inshi-aksesuary;/catalog/zbroiovi-aksesuary/inshi-aksesuary;301;[]
/catalog/zbroiovi-aksesuary/dohliad;/catalog/zbroiovi-aksesuary/dohliad-ta-chyshchennia;301;[]
/catalog/zbroiovi-aksesuary/mahazyny/dlia-ak-ta-ar-15;/catalog/zbroiovi-aksesuary/mahazyny;301;[]
/catalog/zbroiovi-aksesuary/remeni;/catalog/zbroiovi-aksesuary/remeni-dlia-zbroi;301;[]
/catalog/zbroiovi-aksesuary/remeni/remeni-dlia-zbroi;/catalog/zbroiovi-aksesuary/remeni-dlia-zbroi;301;[]
/catalog/zbroiovi-aksesuary/remeni/odnotochkovi-remeni;/catalog/zbroiovi-aksesuary/remeni-dlia-zbroi;301;[]
/catalog/zbroiovi-aksesuary/remeni/dvotochkovi-remeni;/catalog/zbroiovi-aksesuary/remeni-dlia-zbroi;301;[]
/catalog/zbroiovi-aksesuary/remeni/trokhtochkovi-remeni;/catalog/zbroiovi-aksesuary/remeni-dlia-zbroi;301;[]
/catalog/zakhyst-ochei-ta-oblychchia/okuliary;/catalog/zakhyst-ochei-ta-oblychchia/taktychni-okuliary;301;[]
/catalog/zakhyst-ochei-ta-oblychchia/okuliary/taktychni-okuliary;/catalog/zakhyst-ochei-ta-oblychchia/taktychni-okuliary;301;[]
/catalog/odiah-ta-forma/cholovichyi-odiah/zhylety;/catalog/odiah-ta-forma/zhylety?attrs=%5B%22%D0%A1%D1%82%D0%B0%D1%82%D1%8C%5Cu0001%D0%A7%D0%BE%D0%BB%D0%BE%D0%B2%D1%96%D1%87%D0%B0%22%5D;301;"{""Стать"": ""Чоловіча""}"
/catalog/odiah-ta-forma/aksesuary-odiahu/balaklavy-ta-bafy;/catalog/odiah-ta-forma/balaklavy-ta-bafy;301;[]
/catalog/odiah-ta-forma/aksesuary-odiahu/taktychni-remeni;/catalog/odiah-ta-forma/remeni;301;[]
/catalog/odiah-ta-forma/aksesuary-odiahu/remeni-ta-portupei;/catalog/odiah-ta-forma/remeni;301;[]
/catalog/vzuttia/taktychne-vzuttia/litnie-vzuttia;/catalog/vzuttia/bertsi?attrs=%5B%22%D0%A1%D0%B5%D0%B7%D0%BE%D0%BD%5Cu0001%D0%9B%D1%96%D1%82%D0%BE%22%5D;301;"{""Сезон"": ""Літо""}"
/catalog/vzuttia/taktychne-vzuttia/taktychni-krosivky;/catalog/vzuttia/taktychni-krosivky;301;[]
/catalog/vzuttia/taktychne-vzuttia/cherevyky;/catalog/vzuttia/taktychni-cherevyky;301;[]
/catalog/bronezakhyst/plytonosky/aksesuary-dlia-plytonosok;/catalog/bronezakhyst/aksesuary-dlia-bronezakhystu;301;[]
/catalog/sholomy-ta-zakhyst-holovy/aksesuary/reiky-ta-planky;/catalog/sholomy-ta-zakhyst-holovy/reiky-ta-planky;301;[]
/catalog/taktychnyi-zviazok-ta-slukh/radiozviazok/ptt-knopky;/catalog/taktychnyi-zv-iazok-ta-slukh/ptt;301;[]
/catalog/taktychnyi-zviazok-ta-slukh/radiozviazok/anteny;/catalog/taktychnyi-zv-iazok-ta-slukh/anteny;301;[]
/catalog/riukzaky-sumky-ta-bauly/sumky/orhanaizery;/catalog/riukzaky-sumky-ta-bauly/orhanaizery;301;[]
/catalog/riukzaky-sumky-ta-bauly/sumky/taktychni-sumky;/catalog/riukzaky-sumky-ta-bauly;301;[]
/catalog/riukzaky-sumky-ta-bauly/sumky/poiasni-sumky-ta-orhanaizery;/catalog/riukzaky-sumky-ta-bauly;301;[]
/catalog/pidsumky/spetsialni-pidsumky/dlia-telefonu;/catalog/pidsumky/dlia-telefonu;301;[]
/catalog/pidsumky/spetsialni-pidsumky/dlia-planshetiv;/catalog/pidsumky/inshi-pidsumky;301;[]
/catalog/rps-ta-rozvantazhennia/komponenty/taktychni-ta-rozvantazhuvalni-remeni;/catalog/rps-ta-rozvantazhennia/boiovi-poiasy;301;[]
/catalog/maskuvannia/maskuvalni-kostiumy/sitchasti-ta-sezonni-kostiumy;/catalog/maskuvannia/maskuvalni-kostiumy;301;[]
/catalog/maskuvannia/maskuvalni-materialy/strichky-ta-tkanyny;/catalog/maskuvannia/maskuvalni-materialy;301;[]
/catalog/turyzm-ta-polove-sporiadzhennia/son/karematy;/catalog/turyzm-ta-polove-sporiadzhennia;301;[]
/catalog/turyzm-ta-polove-sporiadzhennia/posud-ta-kharchuvannia;/catalog/turyzm-ta-polove-sporiadzhennia;301;[]
/catalog/turyzm-ta-polove-sporiadzhennia/posud-ta-kharchuvannia/termosy;/catalog/turyzm-ta-polove-sporiadzhennia/termosy;301;[]
/catalog/turyzm-ta-polove-sporiadzhennia/posud-ta-kharchuvannia/polovyi-posud;/catalog/turyzm-ta-polove-sporiadzhennia/polovyi-posud;301;[]
/catalog/turyzm-ta-polove-sporiadzhennia/vohon-ta-obihriv;/catalog/turyzm-ta-polove-sporiadzhennia;301;[]
/catalog/turyzm-ta-polove-sporiadzhennia/vohon-ta-obihriv/palnyky;/catalog/turyzm-ta-polove-sporiadzhennia/palnyky;301;[]
/catalog/elektronika-ta-sposterezhennia/optyka;/catalog/elektronika-ta-sposterezhennia;301;[]
/catalog/elektronika-ta-sposterezhennia/optyka/monokuliary;/catalog/elektronika-ta-sposterezhennia/kriplennia;301;[]
/catalog/osvitlennia/likhtari-ta-aksesuary/ruchni-likhtari;/catalog/osvitlennia/taktychni-likhtari;301;[]
/catalog/avtonomne-zhyvlennia/akumuliatory-ta-batareiky;/catalog/avtonomne-zhyvlennia;301;[]
/catalog/zbroiovi-aksesuary/rukivia-ta-upory;/catalog/zbroiovi-aksesuary/rukiv-ia-ta-upory;301;[]
/catalog/zbroiovi-aksesuary/soshky;/catalog/zbroiovi-aksesuary/rukiv-ia-ta-upory;301;[]
/catalog/zbroiovi-aksesuary/dohliad/nabory-dlia-chyshchennia;/catalog/zbroiovi-aksesuary/dohliad-ta-chyshchennia;301;[]
/catalog/odiah-ta-forma/cholovichyi-odiah/sportyvni-kostiumy-ta-komplekty;/catalog/odiah-ta-forma?attrs=%5B%22%D0%A1%D1%82%D0%B0%D1%82%D1%8C%5Cu0001%D0%A7%D0%BE%D0%BB%D0%BE%D0%B2%D1%96%D1%87%D0%B0%22%5D;301;"{""Стать"": ""Чоловіча""}"
/catalog/zbroiovi-aksesuary/kobury/taktychni-kobury;/catalog/zbroiovi-aksesuary/kobury;301;[]
/catalog/odiah-ta-forma/cholovichyi-odiah/zymovi-kostiumy-ta-komplekty;/catalog/odiah-ta-forma?attrs=%5B%22%D0%A1%D1%82%D0%B0%D1%82%D1%8C%5Cu0001%D0%A7%D0%BE%D0%BB%D0%BE%D0%B2%D1%96%D1%87%D0%B0%22%2C%22%D0%A1%D0%B5%D0%B7%D0%BE%D0%BD%5Cu0001%D0%97%D0%B8%D0%BC%D0%B0%22%5D;301;"{""Стать"": ""Чоловіча"", ""Сезон"": ""Зима""}"
/catalog/odiah-ta-forma/cholovichyi-odiah/kostiumy-soft-shell;/catalog/odiah-ta-forma?attrs=%5B%22%D0%A1%D1%82%D0%B0%D1%82%D1%8C%5Cu0001%D0%A7%D0%BE%D0%BB%D0%BE%D0%B2%D1%96%D1%87%D0%B0%22%2C%22%D0%9C%D0%B0%D1%82%D0%B5%D1%80%D1%96%D0%B0%D0%BB%5Cu0001%D0%A1%D0%BE%D1%84%D1%82%D1%88%D0%B5%D0%BB%22%5D;301;"{""Стать"": ""Чоловіча"", ""Матеріал"": ""Софтшел""}"
/catalog/odiah-ta-forma/cholovichyi-odiah/taktychni-sorochky;/catalog/odiah-ta-forma/ubaksy-ta-boiovi-sorochky?attrs=%5B%22%D0%A1%D1%82%D0%B0%D1%82%D1%8C%5Cu0001%D0%A7%D0%BE%D0%BB%D0%BE%D0%B2%D1%96%D1%87%D0%B0%22%5D;301;"{""Стать"": ""Чоловіча""}"
/catalog/odiah-ta-forma/cholovichyi-odiah/termofutbolky;/catalog/odiah-ta-forma/termobilyzna?attrs=%5B%22%D0%A1%D1%82%D0%B0%D1%82%D1%8C%5Cu0001%D0%A7%D0%BE%D0%BB%D0%BE%D0%B2%D1%96%D1%87%D0%B0%22%5D;301;"{""Стать"": ""Чоловіча""}"
/catalog/odiah-ta-forma/cholovichyi-odiah/zymovi-ta-utepleni-kurtky;/catalog/odiah-ta-forma?attrs=%5B%22%D0%A1%D1%82%D0%B0%D1%82%D1%8C%5Cu0001%D0%A7%D0%BE%D0%BB%D0%BE%D0%B2%D1%96%D1%87%D0%B0%22%2C%22%D0%A1%D0%B5%D0%B7%D0%BE%D0%BD%5Cu0001%D0%97%D0%B8%D0%BC%D0%B0%22%5D;301;"{""Стать"": ""Чоловіча"", ""Сезон"": ""Зима""}"
/catalog/odiah-ta-forma/cholovichyi-odiah/zymovi-ta-utepleni-shtany;/catalog/odiah-ta-forma/shtany?attrs=%5B%22%D0%A1%D1%82%D0%B0%D1%82%D1%8C%5Cu0001%D0%A7%D0%BE%D0%BB%D0%BE%D0%B2%D1%96%D1%87%D0%B0%22%2C%22%D0%A1%D0%B5%D0%B7%D0%BE%D0%BD%5Cu0001%D0%97%D0%B8%D0%BC%D0%B0%22%5D;301;"{""Стать"": ""Чоловіча"", ""Сезон"": ""Зима""}"
/catalog/odiah-ta-forma/cholovichyi-odiah/shtany-soft-shell;/catalog/odiah-ta-forma/shtany?attrs=%5B%22%D0%A1%D1%82%D0%B0%D1%82%D1%8C%5Cu0001%D0%A7%D0%BE%D0%BB%D0%BE%D0%B2%D1%96%D1%87%D0%B0%22%2C%22%D0%9C%D0%B0%D1%82%D0%B5%D1%80%D1%96%D0%B0%D0%BB%5Cu0001%D0%A1%D0%BE%D1%84%D1%82%D1%88%D0%B5%D0%BB%22%5D;301;"{""Стать"": ""Чоловіча"", ""Матеріал"": ""Софтшел""}"
/catalog/odiah-ta-forma/aksesuary-odiahu/shapky-ta-balaklavy;/catalog/odiah-ta-forma;301;[]
/catalog/odiah-ta-forma/aksesuary-odiahu/kepky-panamy-beisbolky;/catalog/odiah-ta-forma/holovni-ubory;301;[]
/catalog/odiah-ta-forma/aksesuary-odiahu/baffy;/catalog/odiah-ta-forma/balaklavy-ta-bafy;301;[]
/catalog/vzuttia/taktychne-vzuttia/bertsi-zymovi;/catalog/vzuttia/bertsi?attrs=%5B%22%D0%A1%D0%B5%D0%B7%D0%BE%D0%BD%5Cu0001%D0%97%D0%B8%D0%BC%D0%B0%22%5D;301;"{""Сезон"": ""Зима""}"
/catalog/vzuttia/taktychne-vzuttia/bertsi-demisezonni;/catalog/vzuttia/bertsi?attrs=%5B%22%D0%A1%D0%B5%D0%B7%D0%BE%D0%BD%5Cu0001%D0%94%D0%B5%D0%BC%D1%96%D1%81%D0%B5%D0%B7%D0%BE%D0%BD%22%5D;301;"{""Сезон"": ""Демісезон""}"
/catalog/vzuttia/taktychne-vzuttia/cherevyky-demisezonni;/catalog/vzuttia/taktychni-cherevyky?attrs=%5B%22%D0%A1%D0%B5%D0%B7%D0%BE%D0%BD%5Cu0001%D0%94%D0%B5%D0%BC%D1%96%D1%81%D0%B5%D0%B7%D0%BE%D0%BD%22%5D;301;"{""Сезон"": ""Демісезон""}"
/catalog/vzuttia/taktychne-vzuttia/krosivky-litni;/catalog/vzuttia/taktychni-krosivky?attrs=%5B%22%D0%A1%D0%B5%D0%B7%D0%BE%D0%BD%5Cu0001%D0%9B%D1%96%D1%82%D0%BE%22%5D;301;"{""Сезон"": ""Літо""}"
/catalog/vzuttia/taktychne-vzuttia/krosivky-demisezonni;/catalog/vzuttia/taktychni-krosivky?attrs=%5B%22%D0%A1%D0%B5%D0%B7%D0%BE%D0%BD%5Cu0001%D0%94%D0%B5%D0%BC%D1%96%D1%81%D0%B5%D0%B7%D0%BE%D0%BD%22%5D;301;"{""Сезон"": ""Демісезон""}"
/catalog/vzuttia/shkarpetky-ta-aksesuary/termoshkarpetky;/catalog/vzuttia/shkarpetky;301;[]
/catalog/vzuttia/shkarpetky-ta-aksesuary/termostelky;/catalog/vzuttia/ustilky-ta-aksesuary;301;[]
/catalog/zbroiovi-aksesuary/mahazyny/mahazyny-ak-ta-ar15;/catalog/zbroiovi-aksesuary/mahazyny;301;[]
/catalog/zbroiovi-aksesuary/dohliad/chyshchennia-zbroi;/catalog/zbroiovi-aksesuary/dohliad-ta-chyshchennia;301;[]
/catalog/vzuttia/aksesuary-vzuttia/bakhily;/catalog/vzuttia/bakhily;301;[]
/catalog/vzuttia/taktychne-vzuttia/krosivky;/catalog/vzuttia/taktychni-krosivky;301;[]
/catalog/instrumenty-ta-nozhi/nozhi-ta-multytuly;/catalog/instrumenty-ta-nozhi;301;[]
/catalog/elektronika-ta-sposterezhennia/aksesuary;/catalog/zakhyst-kolin-ta-liktiv/nakolinnyky;301;[]
/catalog/elektronika-ta-sposterezhennia/aksesuary/karty-pamiati;/catalog/elektronika-ta-sposterezhennia;301;[]
/catalog/turyzm-ta-polove-sporiadzhennia/hihiiena;/catalog/turyzm-ta-polove-sporiadzhennia;301;[]
/catalog/turyzm-ta-polove-sporiadzhennia/hihiiena/zasoby-hihiieny;/catalog/turyzm-ta-polove-sporiadzhennia/zasoby-hihiieny;301;[]
/catalog/turyzm-ta-polove-sporiadzhennia/inshe/karabiny-ta-kriplennia;/catalog/turyzm-ta-polove-sporiadzhennia;301;[]
/catalog/turyzm-ta-polove-sporiadzhennia/inshe/prapory-ta-shevrony;/catalog/turyzm-ta-polove-sporiadzhennia/inshe-polove-sporiadzhennia;301;[]
/catalog/turyzm-ta-polove-sporiadzhennia/son/termokovdry;/catalog/turyzm-ta-polove-sporiadzhennia/termokovdry;301;[]
/catalog/zbroiovi-aksesuary/chokhly-dlia-zbroi;/catalog/zbroiovi-aksesuary/chokhly;301;[]
/catalog/maskuvannia/maskuvalni-sitky/maskuvalni-sitky;/catalog/maskuvannia/maskuvalni-sitky;301;[]
/catalog/vzuttia/aksesuary-vzuttia;/catalog/vzuttia/ustilky-ta-aksesuary;301;[]
/catalog/odiah-ta-forma/cholovichyi-odiah/ubaksy;/catalog/odiah-ta-forma/ubaksy-ta-boiovi-sorochky?attrs=%5B%22%D0%A1%D1%82%D0%B0%D1%82%D1%8C%5Cu0001%D0%A7%D0%BE%D0%BB%D0%BE%D0%B2%D1%96%D1%87%D0%B0%22%5D;301;"{""Стать"": ""Чоловіча""}"
/catalog/taktychna-medytsyna/medychni-aksesuary;/catalog/taktychna-medytsyna/inshi-medychni-zasoby;301;[]
/catalog/odiah-ta-forma/cholovichyi-odiah/flisy-ta-kofty;/catalog/odiah-ta-forma?attrs=%5B%22%D0%A1%D1%82%D0%B0%D1%82%D1%8C%5Cu0001%D0%A7%D0%BE%D0%BB%D0%BE%D0%B2%D1%96%D1%87%D0%B0%22%5D;301;"{""Стать"": ""Чоловіча""}"
/catalog/odiah-ta-forma/cholovichyi-odiah/taktychni-kostiumy;/catalog/odiah-ta-forma/taktychni-kostiumy?attrs=%5B%22%D0%A1%D1%82%D0%B0%D1%82%D1%8C%5Cu0001%D0%A7%D0%BE%D0%BB%D0%BE%D0%B2%D1%96%D1%87%D0%B0%22%5D;301;"{""Стать"": ""Чоловіча""}"
/catalog/odiah-ta-forma/cholovichyi-odiah/taktychni-kurtky;/catalog/odiah-ta-forma/kurtky?attrs=%5B%22%D0%A1%D1%82%D0%B0%D1%82%D1%8C%5Cu0001%D0%A7%D0%BE%D0%BB%D0%BE%D0%B2%D1%96%D1%87%D0%B0%22%5D;301;"{""Стать"": ""Чоловіча""}"
/catalog/zbroiovi-aksesuary/platforma-ar/aksesuary;/catalog/zbroiovi-aksesuary?attrs=%5B%22%D0%A1%D1%83%D0%BC%D1%96%D1%81%D0%BD%D1%96%D1%81%D1%82%D1%8C%5Cu0001AR%22%5D;301;"{""Сумісність"": ""AR""}"
/catalog/odiah-ta-forma/cholovichyi-odiah/maiky-ta-tilniashky;/catalog/odiah-ta-forma/futbolky-maiky-ta-polo?attrs=%5B%22%D0%A1%D1%82%D0%B0%D1%82%D1%8C%5Cu0001%D0%A7%D0%BE%D0%BB%D0%BE%D0%B2%D1%96%D1%87%D0%B0%22%5D;301;"{""Стать"": ""Чоловіча""}"
/catalog/zbroiovi-aksesuary/platforma-ak/aksesuary;/catalog/zbroiovi-aksesuary?attrs=%5B%22%D0%A1%D1%83%D0%BC%D1%96%D1%81%D0%BD%D1%96%D1%81%D1%82%D1%8C%5Cu0001%D0%90%D0%9A%22%5D;301;"{""Сумісність"": ""АК""}"
/catalog/vzuttia/shkarpetky-ta-aksesuary/ustilky;/catalog/vzuttia/ustilky-ta-aksesuary;301;[]
/catalog/vzuttia/taktychne-vzuttia/cherevyky-zymovi;/catalog/vzuttia/taktychni-cherevyky?attrs=%5B%22%D0%A1%D0%B5%D0%B7%D0%BE%D0%BD%5Cu0001%D0%97%D0%B8%D0%BC%D0%B0%22%5D;301;"{""Сезон"": ""Зима""}"
/catalog/vzuttia/dohliad-ta-aksesuary/zasoby-dohliadu;/catalog/vzuttia/ustilky-ta-aksesuary;301;[]
/catalog/vzuttia/taktychne-vzuttia/lofery-ta-choloviche-vzuttia;/catalog/vzuttia;301;[]
/catalog/zbroiovi-aksesuary/platforma-ar;/catalog/zbroiovi-aksesuary?attrs=%5B%22%D0%A1%D1%83%D0%BC%D1%96%D1%81%D0%BD%D1%96%D1%81%D1%82%D1%8C%5Cu0001AR%22%5D;301;"{""Сумісність"": ""AR""}"
/catalog/zbroiovi-aksesuary/platforma-ak;/catalog/zbroiovi-aksesuary?attrs=%5B%22%D0%A1%D1%83%D0%BC%D1%96%D1%81%D0%BD%D1%96%D1%81%D1%82%D1%8C%5Cu0001%D0%90%D0%9A%22%5D;301;"{""Сумісність"": ""АК""}"
/catalog/vzuttia/dohliad-ta-aksesuary;/catalog/vzuttia/ustilky-ta-aksesuary;301;[]
